date,open,high,low,close
2009-01-02,3.06,3.09,3.03,3.06
2009-01-05,3.07,3.14,3.07,3.12
2009-01-06,3.11,3.15,3.06,3.11
2009-01-07,3.14,3.15,2.89,2.93
2009-01-09,2.9,2.95,2.8,2.89
2009-01-12,2.85,2.88,2.76,2.77
2009-01-13,2.77,2.82,2.75,2.76
2009-01-14,2.78,2.88,2.78,2.85
2009-01-15,2.8,2.81,2.73,2.76
2009-01-16,2.79,2.87,2.77,2.85
2009-01-19,2.81,2.87,2.81,2.84
2009-01-20,2.84,2.85,2.78,2.83
2009-01-21,2.82,2.82,2.73,2.75
2009-01-22,2.79,2.79,2.72,2.74
2009-01-23,2.74,2.76,2.7,2.72
2009-01-27,2.73,2.79,2.72,2.77
2009-01-28,2.79,2.86,2.79,2.85
2009-01-29,2.86,2.88,2.8,2.83
2009-01-30,2.8,2.91,2.79,2.9
2009-02-02,2.89,2.89,2.8,2.82
2009-02-03,2.83,2.86,2.8,2.83
2009-02-04,2.85,2.87,2.79,2.81
2009-02-05,2.83,2.85,2.78,2.8
2009-02-06,2.82,2.88,2.82,2.86
2009-02-09,2.88,2.94,2.86,2.93
2009-02-10,2.94,2.97,2.9,2.96
2009-02-11,2.91,2.96,2.9,2.95
2009-02-12,2.94,2.95,2.9,2.91
2009-02-13,2.95,2.99,2.93,2.98
2009-02-16,2.97,2.98,2.84,2.85
2009-02-17,2.83,2.83,2.77,2.79
2009-02-18,2.8,2.85,2.77,2.81
2009-02-19,2.82,2.84,2.8,2.83
2009-02-20,2.79,2.79,2.73,2.75
2009-02-24,2.72,2.76,2.7,2.75
2009-02-25,2.77,2.82,2.77,2.79
2009-02-26,2.81,2.82,2.76,2.8
2009-02-27,2.8,2.82,2.73,2.8
2009-03-02,2.71,2.75,2.68,2.7
2009-03-03,2.72,2.74,2.66,2.68
2009-03-04,2.69,2.71,2.66,2.69
2009-03-05,2.73,2.74,2.59,2.6
2009-03-06,2.57,2.67,2.57,2.66
2009-03-09,2.63,2.65,2.6,2.62
2009-03-12,2.7,2.7,2.64,2.66
2009-03-13,2.71,2.75,2.7,2.74
2009-03-16,2.76,2.81,2.74,2.8
2009-03-17,2.8,2.83,2.76,2.78
2009-03-18,2.79,2.85,2.79,2.81
2009-03-19,2.82,2.85,2.78,2.82
2009-03-20,2.81,2.83,2.79,2.82
2009-03-23,2.85,2.97,2.85,2.95
2009-03-24,2.97,3.03,2.92,2.95
2009-03-25,2.95,3.01,2.92,3.0
2009-03-26,3.04,3.11,3.02,3.1
2009-03-27,3.09,3.14,3.06,3.12
2009-03-30,3.09,3.09,2.97,2.98
2009-03-31,3.03,3.06,2.98,3.03
2009-04-01,3.04,3.1,2.98,3.09
2009-04-02,3.13,3.24,3.13,3.22
2009-04-06,3.28,3.32,3.24,3.27
2009-04-08,3.23,3.37,3.15,3.35
2009-04-09,3.37,3.4,3.32,3.35
2009-04-13,3.37,3.43,3.34,3.39
2009-04-15,3.35,3.52,3.31,3.5
2009-04-16,3.52,3.52,3.37,3.38
2009-04-17,3.4,3.5,3.37,3.4
2009-04-20,3.4,3.45,3.35,3.38
2009-04-21,3.35,3.42,3.33,3.38
2009-04-22,3.41,3.41,3.31,3.34
2009-04-23,3.34,3.48,3.32,3.45
2009-04-24,3.46,3.52,3.42,3.51
2009-04-27,3.49,3.53,3.44,3.49
2009-04-28,3.48,3.48,3.36,3.37
2009-04-29,3.39,3.51,3.38,3.48
2009-05-04,3.52,3.67,3.52,3.66
2009-05-05,3.66,3.75,3.63,3.73
2009-05-06,3.67,3.76,3.65,3.68
2009-05-07,3.68,3.72,3.66,3.69
2009-05-08,3.7,3.72,3.6,3.63
2009-05-11,3.65,3.67,3.57,3.57
2009-05-12,3.6,3.74,3.55,3.71
2009-05-13,3.71,3.75,3.65,3.68
2009-05-14,3.6,3.68,3.6,3.62
2009-05-15,3.65,3.75,3.65,3.73
2009-05-18,4.0,4.45,4.0,4.28
2009-05-19,4.4,4.6,4.15,4.33
2009-05-20,4.28,4.39,4.24,4.29
2009-05-21,4.25,4.33,4.2,4.22
2009-05-22,4.2,4.3,4.18,4.27
2009-05-25,4.27,4.29,4.23,4.26
2009-05-26,4.26,4.28,4.13,4.16
2009-05-27,4.21,4.35,4.2,4.33
2009-05-28,4.35,4.37,4.3,4.35
2009-05-29,4.36,4.5,4.36,4.46
2009-06-01,4.53,4.57,4.48,4.55
2009-06-02,4.58,4.62,4.47,4.53
2009-06-03,4.56,4.59,4.5,4.55
2009-06-04,4.0,4.59,4.0,4.58
2009-06-05,4.59,4.65,4.56,4.6
2009-06-08,4.6,4.63,4.42,4.45
2009-06-09,4.4,4.57,4.4,4.55
2009-06-10,4.58,4.7,4.58,4.67
2009-06-11,4.66,4.7,4.61,4.66
2009-06-12,4.66,4.71,4.59,4.61
2009-06-15,4.57,4.63,4.5,4.51
2009-06-16,4.47,4.57,4.45,4.56
2009-06-17,4.41,4.41,4.41,4.41
2009-06-18,4.4,4.44,4.29,4.32
2009-06-19,4.33,4.4,4.28,4.39
2009-06-22,4.44,4.44,4.29,4.31
2009-06-23,4.25,4.36,4.22,4.32
2009-06-24,4.35,4.37,4.29,4.35
2009-06-25,4.37,4.37,4.27,4.3
2009-06-26,4.4,4.43,4.32,4.41
2009-06-29,4.44,4.5,4.39,4.46
2009-06-30,4.47,4.5,4.34,4.35
2009-07-01,4.37,4.43,4.32,4.41
2009-07-02,4.4,4.45,4.36,4.43
2009-07-03,4.41,4.5,4.36,4.49
2009-07-06,4.5,4.6,4.21,4.24
2009-07-08,4.25,4.25,4.08,4.1
2009-07-09,4.1,4.14,4.07,4.11
2009-07-10,4.12,4.16,4.0,4.03
2009-07-13,4.01,4.02,3.93,3.99
2009-07-14,4.03,4.22,4.03,4.14
2009-07-15,4.17,4.26,4.15,4.25
2009-07-16,4.26,4.32,4.21,4.24
2009-07-17,4.27,4.41,4.27,4.39
2009-07-20,4.42,4.51,4.4,4.5
2009-07-21,4.59,4.59,4.44,4.47
2009-07-22,4.49,4.55,4.39,4.41
2009-07-23,4.46,4.54,4.45,4.52
2009-07-24,4.6,4.6,4.5,4.56
2009-07-27,4.59,4.59,4.51,4.56
2009-07-28,4.57,4.6,4.54,4.56
2009-07-29,4.53,4.56,4.42,4.51
2009-07-30,4.5,4.57,4.47,4.55
2009-07-31,4.57,4.66,4.56,4.61
2009-08-03,4.62,4.72,4.6,4.69
2009-08-04,4.7,4.7,4.62,4.66
2009-08-05,4.65,4.7,4.61,4.67
2009-08-06,4.67,4.7,4.54,4.57
2009-08-07,4.55,4.57,4.46,4.48
2009-08-10,4.52,4.57,4.4,4.44
2009-08-11,4.45,4.51,4.4,4.47
2009-08-12,4.37,4.49,4.37,4.47
2009-08-13,4.52,4.63,4.52,4.61
2009-08-14,4.6,4.61,4.56,4.59
2009-08-17,4.54,4.54,4.4,4.42
2009-08-18,4.47,4.47,4.47,4.47
2009-08-19,4.4,4.4,4.4,4.4
2009-08-20,4.46,4.46,4.46,4.46
2009-08-21,4.54,4.54,4.54,4.54
2009-08-24,5.0,5.0,4.6,4.65
2009-08-25,4.62,4.67,4.57,4.65
2009-08-26,4.7,4.7,4.65,4.68
2009-08-27,4.64,4.7,4.64,4.68
2009-08-28,4.68,4.73,4.63,4.72
2009-08-31,4.66,4.7,4.63,4.67
2009-09-01,4.7,4.73,4.57,4.59
2009-09-02,4.64,4.64,4.56,4.61
2009-09-03,4.62,4.64,4.56,4.58
2009-09-04,4.6,4.69,4.58,4.68
2009-09-07,4.7,4.78,4.68,4.77
2009-09-08,4.78,4.82,4.76,4.78
2009-09-09,4.76,4.8,4.76,4.79
2009-09-10,4.8,4.86,4.78,4.79
2009-09-11,4.82,4.83,4.77,4.82
2009-09-14,4.8,4.81,4.77,4.8
2009-09-15,4.82,4.88,4.82,4.88
2009-09-16,4.91,4.94,4.89,4.93
2009-09-17,4.96,4.98,4.92,4.96
2009-09-18,4.93,4.98,4.93,4.96
2009-09-22,4.96,5.02,4.95,5.01
2009-09-23,4.99,5.0,4.93,4.94
2009-09-24,4.93,4.98,4.88,4.97
2009-09-25,4.87,4.99,4.87,4.95
2009-09-29,4.98,5.0,4.96,4.97
2009-09-30,4.99,5.06,4.97,5.05
2009-10-01,5.06,5.07,5.01,5.06
2009-10-05,5.0,5.04,4.99,5.0
2009-10-06,5.04,5.05,4.91,5.04
2009-10-07,5.06,5.07,4.95,4.98
2009-10-08,5.07,5.07,4.97,4.99
2009-10-09,5.0,5.01,4.92,4.93
2009-10-12,4.95,5.05,4.94,5.04
2009-10-13,5.07,5.07,5.07,5.07
2009-10-14,5.07,5.11,5.06,5.1
2009-10-15,5.12,5.12,5.06,5.1
2009-10-16,5.09,5.14,5.09,5.13
2009-10-20,5.15,5.15,5.08,5.1
2009-10-21,5.08,5.1,5.05,5.07
2009-10-22,5.05,5.06,4.97,5.0
2009-10-23,5.0,5.05,4.99,5.01
2009-10-26,5.01,5.04,4.97,4.99
2009-10-27,4.97,4.98,4.85,4.88
2009-10-28,4.85,4.88,4.8,4.85
2009-10-29,4.79,4.87,4.77,4.8
2009-10-30,4.85,4.88,4.74,4.76
2009-11-03,4.73,4.78,4.59,4.62
2009-11-04,4.7,4.78,4.63,4.75
2009-11-05,4.75,4.82,4.66,4.81
2009-11-06,4.85,4.85,4.79,4.83
2009-11-09,4.8,4.94,4.8,4.93
2009-11-10,4.94,4.97,4.9,4.93
2009-11-11,4.92,5.03,4.91,5.01
2009-11-12,5.01,5.02,4.94,5.0
2009-11-13,5.0,5.05,4.95,5.03
2009-11-16,5.06,5.1,5.06,5.08
2009-11-17,5.07,5.1,5.02,5.08
2009-11-18,5.05,5.1,5.05,5.07
2009-11-19,5.08,5.08,4.98,5.01
2009-11-20,5.0,5.1,4.96,5.08
2009-11-23,5.1,5.12,5.08,5.1
2009-11-24,5.1,5.12,5.07,5.1
2009-11-25,5.1,5.14,5.1,5.11
2009-11-26,5.09,5.12,4.98,5.02
2009-11-27,4.93,5.0,4.85,4.97
2009-11-30,5.0,5.07,5.0,5.03
2009-12-01,5.08,5.15,5.05,5.13
2009-12-02,5.14,5.15,5.1,5.11
2009-12-03,5.15,5.18,5.12,5.13
2009-12-04,5.07,5.16,5.06,5.12
2009-12-07,5.18,5.19,5.06,5.07
2009-12-08,5.06,5.16,5.06,5.15
2009-12-09,5.12,5.15,5.1,5.11
2009-12-10,5.12,5.15,5.09,5.14
2009-12-11,5.16,5.18,5.09,5.11
2009-12-14,5.11,5.16,5.09,5.1
2009-12-15,5.11,5.13,5.03,5.05
2009-12-16,5.04,5.08,5.01,5.06
2009-12-17,5.04,5.08,5.03,5.05
2009-12-18,5.04,5.05,4.99,5.01
2009-12-21,5.01,5.02,4.97,4.98
2009-12-22,5.0,5.05,4.99,5.03
2009-12-23,5.04,5.19,5.03,5.18
2009-12-24,5.18,5.21,5.15,5.2
2009-12-29,5.2,5.23,5.18,5.21
2009-12-30,5.19,5.2,5.17,5.18
2009-12-31,5.2,5.24,5.2,5.22
2010-01-04,5.22,5.25,5.21,5.24
2010-01-05,5.25,5.3,5.25,5.29
2010-01-06,5.29,5.32,5.27,5.31
2010-01-07,5.3,5.3,5.25,5.28
2010-01-08,5.3,5.3,5.25,5.26
2010-01-11,5.32,5.32,5.27,5.28
2010-01-12,5.26,5.29,5.21,5.23
2010-01-13,5.22,5.28,5.2,5.27
2010-01-14,5.27,5.31,5.26,5.27
2010-01-15,5.27,5.3,5.25,5.29
2010-01-18,5.25,5.29,5.25,5.27
2010-01-19,5.3,5.35,5.27,5.27
2010-01-20,5.5,5.5,5.27,5.3
2010-01-21,5.11,5.11,5.11,5.11
2010-01-22,5.0,5.8,5.0,5.09
2010-01-25,5.09,5.19,4.99,5.19
2010-01-27,5.05,5.2,4.87,4.94
2010-01-28,5.0,5.08,4.9,4.94
2010-01-29,4.8,4.98,4.8,4.97
2010-02-01,4.97,5.05,4.91,5.05
2010-02-02,5.05,5.09,4.91,4.93
2010-02-03,4.93,4.96,4.87,4.95
2010-02-04,4.92,4.97,4.9,4.92
2010-02-05,4.86,5.45,4.78,5.45
2010-02-08,4.75,4.85,4.75,4.82
2010-02-09,4.9,4.9,4.81,4.85
2010-02-10,4.9,4.9,4.78,4.85
2010-02-11,4.82,4.9,4.82,4.85
2010-02-15,4.9,4.9,4.78,4.78
2010-02-16,4.81,4.9,4.81,4.9
2010-02-17,4.95,4.95,4.91,4.95
2010-02-18,4.95,4.97,4.9,4.91
2010-02-19,4.87,4.95,4.85,4.86
2010-02-22,4.92,4.95,4.9,4.9
2010-02-23,4.88,4.94,4.88,4.94
2010-02-24,4.88,4.95,4.87,4.87
2010-02-25,4.87,4.9,4.86,4.86
2010-02-26,4.89,5.05,4.89,4.93
2010-03-02,4.8,5.08,4.1,5.04
2010-03-03,5.1,5.1,5.1,5.1
2010-03-04,5.1,5.11,5.07,5.1
2010-03-05,5.11,5.15,5.08,5.1
2010-03-08,5.14,5.16,5.12,5.13
2010-03-09,5.12,5.15,5.1,5.1
2010-03-10,5.15,5.16,5.12,5.13
2010-03-11,5.1,5.17,5.1,5.17
2010-03-12,5.16,5.17,5.14,5.15
2010-03-15,5.13,5.16,5.12,5.14
2010-03-16,5.15,5.22,5.15,5.21
2010-03-17,5.26,5.27,5.22,5.27
2010-03-18,5.25,5.26,5.24,5.25
2010-03-19,5.25,5.28,5.25,5.28
2010-03-22,5.25,5.27,5.23,5.23
2010-03-23,5.24,5.26,5.22,5.24
2010-03-25,5.22,5.28,5.22,5.28
2010-03-26,5.4,5.4,5.28,5.29
2010-03-29,5.29,5.33,5.27,5.29
2010-03-30,5.31,5.32,5.28,5.28
2010-03-31,5.28,5.28,5.25,5.26
2010-04-01,5.3,5.31,5.28,5.31
2010-04-05,5.31,5.38,5.31,5.38
2010-04-06,5.38,5.38,5.32,5.34
2010-04-07,5.33,5.4,5.31,5.34
2010-04-08,5.02,5.37,5.02,5.32
2010-04-09,5.25,5.38,5.25,5.31
2010-04-12,5.36,5.38,5.31,5.31
2010-04-13,5.3,5.33,5.28,5.3
2010-04-15,5.32,5.36,5.29,5.29
2010-04-16,5.03,5.27,5.03,5.25
2010-04-19,5.2,5.23,5.18,5.22
2010-04-20,5.14,5.26,5.1,5.22
2010-04-21,5.24,5.26,5.21,5.22
2010-04-22,5.25,5.34,5.24,5.27
2010-04-23,5.29,5.32,5.25,5.31
2010-04-26,5.26,5.26,5.26,5.26
2010-04-27,5.39,5.39,5.06,5.3
2010-04-28,5.45,5.45,5.19,5.22
2010-04-29,5.01,5.24,5.01,5.24
2010-04-30,5.28,5.28,5.24,5.24
2010-05-03,5.22,5.22,5.2,5.22
2010-05-04,5.22,5.22,5.14,5.14
2010-05-05,5.09,5.16,5.09,5.16
2010-05-06,5.26,5.26,5.07,5.12
2010-05-07,5.07,5.08,5.02,5.02
2010-05-10,5.1,5.21,5.04,5.19
2010-05-11,5.17,5.18,5.12,5.12
2010-05-12,5.17,5.17,5.17,5.17
2010-05-13,5.21,5.22,5.18,5.19
2010-05-14,5.19,5.21,5.09,5.09
2010-05-17,5.04,5.48,5.02,5.1
2010-05-18,5.09,5.11,5.05,5.09
2010-05-19,5.01,5.15,5.0,5.08
2010-05-20,4.99,5.07,4.98,5.05
2010-05-21,4.98,5.0,4.92,4.99
2010-05-24,4.98,5.04,4.98,5.01
2010-05-25,5.0,5.0,4.88,4.96
2010-05-26,4.96,4.96,4.9,4.96
2010-05-27,4.88,4.98,4.88,4.98
2010-05-28,5.06,5.06,5.02,5.05
2010-05-31,5.81,5.81,5.02,5.06
2010-06-01,5.07,5.07,5.0,5.0
2010-06-02,5.02,5.05,5.0,5.03
2010-06-03,5.12,5.13,5.09,5.09
2010-06-04,5.05,5.25,5.05,5.25
2010-06-07,5.05,5.1,5.02,5.05
2010-06-08,5.07,5.07,5.0,5.01
2010-06-09,5.03,5.08,5.02,5.02
2010-06-10,5.05,5.13,5.05,5.12
2010-06-11,5.1,5.16,5.1,5.13
2010-06-14,5.16,5.21,5.16,5.2
2010-06-15,5.2,5.25,5.2,5.24
2010-06-16,5.23,5.25,5.22,5.23
2010-06-17,5.22,5.28,5.22,5.27
2010-06-18,5.28,5.3,5.25,5.25
2010-06-21,5.29,5.36,5.29,5.35
2010-06-22,5.33,5.4,5.33,5.4
2010-06-23,5.3,5.36,5.3,5.35
2010-06-24,5.37,5.37,5.29,5.3
2010-06-25,5.33,5.36,5.3,5.34
2010-06-28,5.23,5.33,5.23,5.29
2010-06-29,5.28,5.34,5.28,5.29
2010-06-30,5.23,5.33,5.23,5.33
2010-07-01,5.21,5.3,5.21,5.3
2010-07-02,5.27,5.29,5.23,5.25
2010-07-05,5.28,5.3,5.18,5.29
2010-07-06,5.29,5.32,5.29,5.3
2010-07-07,5.3,5.31,5.25,5.25
2010-07-08,5.26,5.34,5.26,5.3
2010-07-09,5.37,5.37,5.33,5.33
2010-07-12,5.44,5.44,5.35,5.39
2010-07-13,5.35,5.44,5.35,5.44
2010-07-14,5.38,5.47,5.38,5.4
2010-07-15,5.4,5.43,5.33,5.4
2010-07-16,5.43,5.44,5.38,5.38
2010-07-19,5.35,5.43,5.28,5.37
2010-07-20,5.38,5.43,5.38,5.38
2010-07-21,5.4,5.43,5.36,5.38
2010-07-22,5.38,5.45,5.35,5.45
2010-07-23,5.4,5.48,5.4,5.44
2010-07-26,5.43,5.48,5.41,5.41
2010-07-27,5.41,5.48,5.41,5.48
2010-07-28,5.39,5.47,5.39,5.44
2010-07-29,5.45,5.59,5.31,5.48
2010-07-30,5.28,5.45,5.28,5.42
2010-08-02,5.4,5.48,5.39,5.44
2010-08-03,5.5,5.5,5.4,5.45
2010-08-04,5.45,5.48,5.45,5.45
2010-08-05,5.44,5.53,5.44,5.53
2010-08-06,5.5,5.5,5.48,5.48
2010-08-09,5.49,5.5,5.46,5.5
2010-08-10,5.48,5.48,5.45,5.45
2010-08-11,5.45,5.49,5.45,5.47
2010-08-12,5.44,5.47,5.4,5.47
2010-08-13,5.48,5.5,5.45,5.45
2010-08-16,5.46,5.49,5.4,5.4
2010-08-17,5.44,5.44,5.4,5.4
2010-08-18,5.63,5.63,5.45,5.46
2010-08-19,5.52,5.55,5.5,5.5
2010-08-20,5.51,5.57,5.51,5.54
2010-08-23,5.01,5.59,5.01,5.59
2010-08-24,5.57,5.57,5.48,5.56
2010-08-25,5.6,5.6,5.46,5.51
2010-08-26,5.52,5.52,5.45,5.45
2010-08-27,5.45,5.53,5.41,5.45
2010-08-30,5.5,5.5,5.41,5.47
2010-08-31,5.38,5.45,5.38,5.45
2010-09-01,5.5,5.5,5.43,5.45
2010-09-02,5.48,5.53,5.47,5.47
2010-09-03,5.47,5.53,5.47,5.5
2010-09-06,5.5,5.58,5.5,5.55
2010-09-07,5.52,5.6,5.52,5.57
2010-09-08,5.62,5.64,5.55,5.64
2010-09-09,5.61,5.61,5.61,5.61
2010-09-13,5.81,5.81,5.67,5.78
2010-09-14,5.8,5.84,5.76,5.8
2010-09-15,5.86,5.86,5.82,5.86
2010-09-16,5.92,5.92,5.76,5.85
2010-09-17,5.85,5.91,5.85,5.91
2010-09-20,5.88,6.0,5.88,6.0
2010-09-21,6.02,6.05,5.95,6.04
2010-09-22,5.2,6.04,5.06,5.95
2010-09-23,5.88,6.0,5.88,6.0
2010-09-24,6.03,6.03,5.97,6.0
2010-09-27,6.05,6.12,6.05,6.1
2010-09-28,6.06,6.09,5.99,6.02
2010-09-29,6.07,6.07,6.03,6.07
2010-09-30,6.04,6.04,5.96,6.02
2010-10-01,6.1,6.16,6.08,6.15
2010-10-04,6.21,6.26,6.16,6.2
2010-10-05,6.11,6.23,6.11,6.21
2010-10-06,6.22,6.25,5.25,5.25
2010-10-07,6.35,6.35,6.14,6.16
2010-10-08,6.13,6.16,6.08,6.13
2010-10-11,6.16,6.2,6.15,6.19
2010-10-12,6.15,6.15,6.1,6.13
2010-10-13,6.17,6.27,6.1,6.27
2010-10-14,6.3,6.33,6.18,6.2
2010-10-15,5.29,6.22,5.29,6.09
2010-10-18,6.09,6.15,6.02,6.13
2010-10-19,6.14,6.15,6.0,6.05
2010-10-20,6.04,6.1,6.0,6.02
2010-10-21,6.02,6.15,6.02,6.14
2010-10-22,6.16,6.16,6.07,6.09
2010-10-25,6.12,6.17,6.12,6.16
2010-10-26,6.16,6.17,6.12,6.15
2010-10-27,6.14,6.14,6.04,6.08
2010-10-28,6.09,6.13,6.0,6.09
2010-10-29,6.3,6.3,6.01,6.08
2010-11-01,6.19,6.25,6.15,6.18
2010-11-02,6.18,6.25,6.16,6.2
2010-11-03,6.23,6.25,6.21,6.23
2010-11-04,6.25,6.3,6.25,6.29
2010-11-08,6.34,6.37,6.3,6.34
2010-11-09,6.34,6.4,6.3,6.38
2010-11-10,6.38,6.38,6.32,6.34
2010-11-11,6.38,6.38,6.27,6.28
2010-11-12,6.2,6.28,6.1,6.15
2010-11-15,6.16,6.25,6.1,6.22
2010-11-16,6.2,6.2,6.06,6.09
2010-11-18,6.13,6.13,6.01,6.09
2010-11-19,6.1,6.11,5.95,5.98
2010-11-22,6.02,6.13,6.0,6.11
2010-11-23,6.05,6.09,5.94,6.03
2010-11-24,6.04,6.08,5.94,5.97
2010-11-25,6.0,6.0,5.87,5.9
2010-11-26,5.9,5.95,5.79,5.86
2010-11-29,5.87,5.95,5.84,5.93
2010-11-30,5.86,6.19,5.86,5.96
2010-12-01,6.0,6.01,5.93,6.0
2010-12-02,6.04,6.09,6.01,6.08
2010-12-03,6.07,6.1,6.04,6.07
2010-12-06,6.06,6.12,6.03,6.04
2010-12-07,6.05,6.09,6.02,6.06
2010-12-08,6.02,6.04,5.93,5.97
2010-12-09,5.98,6.0,5.83,5.85
2010-12-10,5.88,5.97,5.8,5.95
2010-12-13,5.91,6.03,5.77,6.0
2010-12-14,6.0,6.05,5.98,6.04
2010-12-15,6.0,6.03,5.96,5.97
2010-12-16,5.99,6.05,5.96,6.03
2010-12-20,6.07,6.07,5.98,6.03
2010-12-21,6.03,6.08,6.03,6.06
2010-12-22,6.08,6.1,6.03,6.05
2010-12-23,6.07,6.07,6.04,6.06
2010-12-24,6.02,6.08,6.01,6.08
2010-12-27,6.1,6.1,6.07,6.09
2010-12-28,6.1,6.1,6.07,6.09
2010-12-29,6.1,6.13,6.08,6.12
2010-12-30,6.14,6.15,6.1,6.12
2010-12-31,6.15,6.2,6.14,6.19
2011-01-03,6.21,6.23,6.19,6.22
2011-01-04,6.22,6.22,6.16,6.18
2011-01-05,6.2,6.2,6.12,6.15
2011-01-06,6.17,6.17,6.07,6.07
2011-01-07,6.1,6.1,5.98,5.99
2011-01-10,6.01,6.01,5.82,5.85
2011-01-11,5.87,5.9,5.72,5.79
2011-01-12,5.88,5.98,5.77,5.95
2011-01-13,5.9,5.94,5.83,5.84
2011-01-14,5.87,5.91,5.74,5.76
2011-01-17,5.75,5.79,5.7,5.74
2011-01-18,5.75,5.83,5.75,5.81
2011-01-19,5.82,5.85,5.75,5.79
2011-01-20,5.74,5.84,5.71,5.81
2011-01-21,5.78,5.82,5.74,5.79
2011-01-24,5.82,5.86,5.76,5.84
2011-01-25,5.85,5.89,5.77,5.78
2011-01-27,5.77,5.84,5.68,5.69
2011-01-28,5.71,5.71,5.55,5.58
2011-01-31,5.59,5.6,5.51,5.55
2011-02-01,5.58,5.6,5.45,5.46
2011-02-02,5.54,5.54,5.46,5.46
2011-02-03,5.49,5.6,5.46,5.59
2011-02-04,5.6,5.62,5.44,5.46
2011-02-07,5.48,5.63,5.45,5.52
2011-02-08,5.5,5.51,5.39,5.4
2011-02-09,5.36,5.43,5.31,5.34
2011-02-10,5.37,5.37,5.28,5.31
2011-02-11,5.32,5.43,5.27,5.4
2011-02-14,5.4,5.56,5.33,5.55
2011-02-15,5.54,5.62,5.48,5.55
2011-02-16,5.54,5.59,5.54,5.57
2011-02-17,5.56,5.61,5.54,5.6
2011-02-18,5.61,5.64,5.51,5.54
2011-02-21,5.47,5.62,5.47,5.6
2011-02-22,5.59,5.61,5.53,5.56
2011-02-23,5.5,5.57,5.46,5.48
2011-02-24,5.47,5.5,5.32,5.35
2011-02-25,5.4,5.46,5.33,5.38
2011-02-28,5.42,5.57,5.35,5.42
2011-03-01,5.48,5.6,5.44,5.58
2011-03-03,5.55,5.64,5.53,5.59
2011-03-04,5.63,5.67,5.6,5.62
2011-03-07,5.6,5.6,5.47,5.54
2011-03-08,5.55,5.59,5.53,5.58
2011-03-09,5.64,5.64,5.55,5.6
2011-03-10,5.55,5.6,5.55,5.58
2011-03-11,5.55,5.59,5.49,5.53
2011-03-14,5.52,5.61,5.5,5.6
2011-03-15,5.45,5.57,5.45,5.53
2011-03-16,5.55,5.6,5.55,5.57
2011-03-17,5.52,5.6,5.51,5.52
2011-03-18,5.54,5.56,5.45,5.47
2011-03-21,5.48,5.5,5.42,5.45
2011-03-22,5.46,5.53,5.45,5.5
2011-03-23,5.48,5.55,5.47,5.54
2011-03-24,5.55,5.61,5.55,5.6
2011-03-25,5.63,5.67,5.55,5.67
2011-03-28,5.67,5.78,5.66,5.76
2011-03-29,5.74,5.81,5.72,5.78
2011-03-30,5.78,5.88,5.78,5.86
2011-03-31,5.85,5.89,5.79,5.84
2011-04-01,5.87,5.9,5.85,5.9
2011-04-04,5.92,5.97,5.88,5.96
2011-04-05,5.98,5.99,5.89,5.94
2011-04-06,5.95,5.98,5.89,5.92
2011-04-07,5.92,5.95,5.9,5.91
2011-04-08,5.94,5.94,5.86,5.89
2011-04-11,5.87,5.88,5.83,5.85
2011-04-13,5.85,5.95,5.8,5.93
2011-04-15,5.92,5.95,5.85,5.86
2011-04-18,5.88,5.95,5.76,5.78
2011-04-19,5.77,5.83,5.76,5.78
2011-04-20,5.8,5.95,5.8,5.92
2011-04-21,5.94,5.97,5.92,5.95
2011-04-25,5.92,5.98,5.92,5.95
2011-04-26,5.97,5.97,5.85,5.92
2011-04-27,5.95,5.98,5.87,5.93
2011-04-28,5.95,5.98,5.83,5.85
2011-04-29,5.85,5.87,5.77,5.8
2011-05-02,5.82,5.83,5.75,5.77
2011-05-03,5.77,5.79,5.65,5.66
2011-05-04,5.69,5.69,5.59,5.63
2011-05-05,5.79,5.79,5.54,5.56
2011-05-06,5.55,5.67,5.54,5.64
2011-05-09,5.65,5.7,5.6,5.64
2011-05-10,5.63,5.69,5.59,5.6
2011-05-11,5.61,5.65,5.59,5.63
2011-05-12,5.6,5.65,5.54,5.56
2011-05-13,5.58,5.68,5.55,5.62
2011-05-16,5.62,5.63,5.57,5.59
2011-05-17,5.6,5.6,5.5,5.51
2011-05-18,5.52,5.55,5.5,5.51
2011-05-19,5.52,5.63,5.5,5.55
2011-05-20,5.54,5.62,5.52,5.58
2011-05-23,5.54,5.64,5.47,5.48
2011-05-24,5.48,5.51,5.46,5.49
2011-05-25,5.54,5.54,5.42,5.45
2011-05-26,5.45,5.53,5.43,5.51
2011-05-27,5.51,5.63,5.49,5.59
2011-05-30,5.61,5.61,5.55,5.57
2011-05-31,5.58,5.64,5.57,5.63
2011-06-01,5.63,5.66,5.62,5.63
2011-06-02,5.6,5.65,5.55,5.63
2011-06-03,5.63,5.66,5.57,5.59
2011-06-06,5.61,5.62,5.56,5.61
2011-06-07,5.59,5.65,5.59,5.64
2011-06-08,5.64,5.64,5.58,5.6
2011-06-09,5.6,5.63,5.58,5.62
2011-06-10,5.62,5.62,5.56,5.59
2011-06-13,5.62,5.64,5.55,5.61
2011-06-14,5.61,5.63,5.57,5.59
2011-06-15,5.6,5.6,5.51,5.52
2011-06-16,5.5,5.51,5.45,5.46
2011-06-17,5.49,5.5,5.43,5.48
2011-06-20,5.49,5.49,5.32,5.37
2011-06-21,5.37,5.44,5.37,5.39
2011-06-22,5.4,5.43,5.38,5.39
2011-06-23,5.39,5.45,5.36,5.42
2011-06-24,5.44,5.58,5.44,5.56
2011-06-27,5.53,5.61,5.53,5.6
2011-06-28,5.62,5.65,5.6,5.64
2011-06-29,5.65,5.68,5.65,5.67
2011-06-30,5.69,5.72,5.68,5.7
2011-07-01,5.7,5.75,5.68,5.71
2011-07-04,5.74,5.75,5.71,5.72
2011-07-05,5.72,5.74,5.7,5.72
2011-07-06,5.71,5.74,5.69,5.72
2011-07-07,5.72,5.81,5.72,5.8
2011-07-08,5.82,5.83,5.73,5.74
2011-07-11,5.74,5.74,5.69,5.7
2011-07-12,5.67,5.69,5.63,5.65
2011-07-13,5.65,5.69,5.65,5.68
2011-07-14,5.65,5.74,5.64,5.7
2011-07-15,5.71,5.72,5.66,5.68
2011-07-18,5.7,5.74,5.66,5.7
2011-07-19,5.69,5.76,5.65,5.75
2011-07-20,5.75,5.76,5.63,5.64
2011-07-21,5.65,5.67,5.63,5.64
2011-07-22,5.69,5.72,5.67,5.71
2011-07-25,5.73,5.76,5.69,5.74
2011-07-26,5.75,5.77,5.65,5.66
2011-07-27,5.7,5.7,5.62,5.63
2011-07-28,5.6,5.63,5.57,5.62
2011-07-29,5.62,5.75,5.56,5.64
2011-08-01,5.65,5.69,5.61,5.65
2011-08-02,5.62,5.62,5.55,5.56
2011-08-03,5.52,5.57,5.49,5.54
2011-08-04,5.55,5.55,5.45,5.46
2011-08-05,5.51,5.51,5.25,5.33
2011-08-08,5.3,5.33,5.16,5.24
2011-08-09,5.15,5.3,5.07,5.19
2011-08-10,5.3,5.32,5.24,5.29
2011-08-11,5.25,5.31,5.25,5.26
2011-08-12,5.28,5.29,5.18,5.19
2011-08-16,5.26,5.3,5.14,5.16
2011-08-17,5.17,5.25,5.15,5.18
2011-08-18,5.18,5.19,5.05,5.06
2011-08-19,5.0,5.03,4.92,4.97
2011-08-22,4.97,5.04,4.94,5.02
2011-08-23,5.04,5.1,4.99,5.07
2011-08-24,5.1,5.11,5.0,5.01
2011-08-25,5.02,5.03,4.95,4.97
2011-08-26,4.97,5.0,4.84,4.87
2011-08-29,4.98,5.08,4.94,5.05
2011-08-30,5.1,5.12,5.04,5.09
2011-09-02,5.13,5.16,5.07,5.15
2011-09-05,5.12,5.14,5.08,5.11
2011-09-06,5.08,5.18,5.05,5.16
2011-09-07,5.18,5.23,5.17,5.21
2011-09-08,5.22,5.25,5.18,5.23
2011-09-09,5.23,5.24,5.14,5.15
2011-09-12,5.1,5.1,5.01,5.05
2011-09-13,5.09,5.13,5.02,5.05
2011-09-14,5.06,5.11,5.0,5.09
2011-09-15,5.1,5.15,5.03,5.13
2011-09-16,5.14,5.19,5.12,5.14
2011-09-19,5.18,5.18,5.06,5.08
2011-09-20,5.09,5.23,5.08,5.2
2011-09-21,5.19,5.22,5.16,5.19
2011-09-22,5.12,5.13,5.0,5.02
2011-09-23,5.02,5.02,4.93,4.98
2011-09-26,4.97,4.97,4.87,4.94
2011-09-27,5.0,5.05,5.0,5.04
2011-09-28,5.02,5.06,4.99,5.02
2011-09-29,5.02,5.1,4.99,5.08
2011-09-30,5.06,5.1,4.96,5.0
2011-10-03,5.12,5.12,4.91,4.95
2011-10-04,4.92,4.97,4.82,4.87
2011-10-05,4.89,4.93,4.84,4.85
2011-10-07,4.95,5.05,4.94,4.98
2011-10-10,4.98,5.08,4.97,5.06
2011-10-11,5.07,5.12,5.02,5.04
2011-10-12,5.04,5.19,5.04,5.17
2011-10-13,5.19,5.21,5.15,5.18
2011-10-14,5.17,5.24,5.13,5.23
2011-10-17,5.23,5.25,5.15,5.19
2011-10-18,5.13,5.15,5.11,5.13
2011-10-19,5.15,5.23,5.15,5.22
2011-10-20,5.18,5.19,5.13,5.18
2011-10-21,5.18,5.22,5.13,5.15
2011-10-24,5.2,5.23,5.15,5.16
2011-10-25,5.19,5.29,5.15,5.26
2011-10-28,5.35,5.48,5.35,5.45
2011-10-31,5.44,5.44,5.37,5.39
2011-11-01,5.36,5.37,5.28,5.32
2011-11-02,5.28,5.36,5.28,5.32
2011-11-03,5.32,5.35,5.27,5.33
2011-11-04,5.33,5.39,5.31,5.35
2011-11-08,5.35,5.39,5.31,5.37
2011-11-09,5.39,5.4,5.27,5.3
2011-11-11,5.32,5.32,5.23,5.26
2011-11-14,5.28,5.3,5.2,5.22
2011-11-15,5.22,5.23,5.15,5.16
2011-11-16,5.15,5.15,5.07,5.11
2011-11-17,5.1,5.13,5.0,5.03
2011-11-18,5.01,5.02,4.92,4.97
2011-11-21,4.97,4.97,4.86,4.88
2011-11-22,4.9,4.96,4.88,4.9
2011-11-23,4.9,4.9,4.76,4.83
2011-11-24,4.81,4.98,4.76,4.86
2011-11-25,4.85,4.89,4.81,4.86
2011-11-28,4.9,4.95,4.85,4.93
2011-11-29,4.92,4.95,4.88,4.91
2011-11-30,4.91,4.92,4.85,4.91
2011-12-01,5.02,5.1,5.0,5.02
2011-12-02,5.02,5.16,5.0,5.13
2011-12-05,5.13,5.15,5.09,5.11
2011-12-07,5.12,5.18,5.11,5.12
2011-12-08,5.12,5.13,5.0,5.02
2011-12-09,5.0,5.02,4.81,4.98
2011-12-12,5.0,5.0,4.85,4.87
2011-12-13,4.87,4.92,4.82,4.88
2011-12-14,4.88,4.94,4.84,4.89
2011-12-15,4.88,4.97,4.77,4.87
2011-12-16,4.88,4.93,4.75,4.78
2011-12-19,4.78,4.81,4.67,4.76
2011-12-20,4.77,4.77,4.63,4.64
2011-12-21,4.71,4.8,4.7,4.78
2011-12-22,4.75,4.83,4.7,4.81
2011-12-23,4.74,4.84,4.74,4.81
2011-12-26,4.82,4.88,4.76,4.87
2011-12-27,4.85,4.89,4.81,4.83
2011-12-28,4.82,4.84,4.77,4.8
2011-12-29,4.78,4.8,4.73,4.74
2011-12-30,4.76,4.78,4.69,4.7
2012-01-02,4.73,4.73,4.68,4.72
2012-01-03,4.74,4.86,4.74,4.85
2012-01-04,4.84,4.86,4.81,4.83
2012-01-05,4.83,4.86,4.81,4.83
2012-01-06,4.82,4.89,4.77,4.85
2012-01-09,4.83,4.86,4.79,4.83
2012-01-10,4.84,4.95,4.84,4.94
2012-01-11,4.94,4.95,4.91,4.92
2012-01-12,4.9,4.94,4.88,4.89
2012-01-13,4.91,4.96,4.89,4.93
2012-01-16,4.9,4.94,4.89,4.94
2012-01-17,4.95,5.03,4.95,5.01
2012-01-18,5.03,5.03,4.97,5.0
2012-01-19,5.05,5.07,5.03,5.06
2012-01-20,5.07,5.1,4.97,5.08
2012-01-23,5.08,5.14,5.08,5.12
2012-01-24,5.12,5.19,5.1,5.18
2012-01-25,5.19,5.22,5.18,5.21
2012-01-27,5.23,5.26,5.2,5.25
2012-01-30,5.23,5.23,5.17,5.2
2012-01-31,5.21,5.28,5.19,5.26
2012-02-01,5.26,5.31,5.23,5.3
2012-02-02,5.32,5.34,5.29,5.32
2012-02-03,5.32,5.4,5.31,5.38
2012-02-06,5.36,5.45,5.36,5.4
2012-02-07,5.42,5.45,5.37,5.39
2012-02-08,5.4,5.45,5.38,5.42
2012-02-09,5.42,5.48,5.39,5.46
2012-02-10,5.47,5.48,5.39,5.43
2012-02-13,5.45,5.47,5.41,5.44
2012-02-14,5.44,5.5,5.42,5.49
2012-02-15,5.5,5.6,5.5,5.59
2012-02-16,5.58,5.6,5.53,5.58
2012-02-17,5.61,5.66,5.6,5.63
2012-02-21,5.63,5.68,5.62,5.68
2012-02-22,5.68,5.69,5.55,5.57
2012-02-23,5.58,5.64,5.53,5.56
2012-02-24,5.58,5.58,5.5,5.52
2012-02-27,5.55,5.55,5.37,5.38
2012-02-28,5.4,5.5,5.4,5.49
2012-02-29,5.51,5.57,5.47,5.51
2012-03-01,5.49,5.5,5.42,5.45
2012-03-02,5.47,5.5,5.43,5.46
2012-03-05,5.46,5.46,5.38,5.4
2012-03-06,5.4,5.49,5.32,5.33
2012-03-07,5.32,5.35,5.28,5.34
2012-03-09,5.36,5.41,5.3,5.36
2012-03-12,5.37,5.43,5.34,5.38
2012-03-13,5.38,5.47,5.38,5.45
2012-03-14,5.49,5.51,5.45,5.48
2012-03-15,5.47,5.48,5.11,5.4
2012-03-16,5.4,5.47,5.31,5.33
2012-03-19,5.31,5.34,5.25,5.27
2012-03-20,5.27,5.31,5.24,5.29
2012-03-21,5.27,5.4,5.02,5.39
2012-03-22,5.38,5.4,5.22,5.24
2012-03-23,5.25,5.32,5.22,5.28
2012-03-26,5.26,5.28,5.19,5.22
2012-03-27,5.25,5.29,5.2,5.25
2012-03-28,5.25,5.26,5.21,5.22
2012-03-29,5.21,5.25,5.17,5.22
2012-03-30,5.26,5.35,5.24,5.33
2012-04-02,5.34,5.35,5.29,5.33
2012-04-03,5.36,5.4,5.35,5.38
2012-04-04,5.36,5.36,5.32,5.33
2012-04-09,5.3,5.31,5.26,5.27
2012-04-10,5.29,5.3,5.24,5.29
2012-04-11,5.26,5.31,5.23,5.27
2012-04-12,5.3,5.33,5.28,5.33
2012-04-13,5.33,5.35,5.2,5.23
2012-04-16,5.2,5.27,5.2,5.26
2012-04-17,5.25,5.35,5.23,5.33
2012-04-18,5.35,5.37,5.3,5.31
2012-04-19,5.31,5.36,5.3,5.35
2012-04-20,5.34,5.34,5.24,5.3
2012-04-23,5.29,5.31,5.2,5.21
2012-04-24,5.23,5.26,5.21,5.25
2012-04-25,5.25,5.26,5.19,5.22
2012-04-26,5.23,5.26,5.2,5.24
2012-04-27,5.24,5.27,5.2,5.21
2012-04-30,5.25,5.28,5.23,5.25
2012-05-02,5.3,5.4,5.23,5.26
2012-05-03,5.26,5.26,5.2,5.21
2012-05-04,5.21,5.21,5.1,5.11
2012-05-07,5.08,5.17,5.0,5.15
2012-05-08,5.15,5.16,5.03,5.05
2012-05-09,5.04,5.07,4.99,5.01
2012-05-10,5.03,5.08,4.99,5.0
2012-05-11,4.99,5.02,4.95,4.99
2012-05-14,4.99,5.0,4.87,4.89
2012-05-15,4.88,4.97,4.87,4.95
2012-05-16,4.92,4.95,4.85,4.9
2012-05-17,4.91,4.95,4.89,4.91
2012-05-18,4.89,4.94,4.84,4.92
2012-05-21,4.91,4.95,4.91,4.93
2012-05-22,4.95,4.97,4.89,4.89
2012-05-23,4.88,4.91,4.85,4.88
2012-05-24,4.9,4.97,4.88,4.96
2012-05-25,4.95,5.01,4.9,4.99
2012-05-28,4.98,5.02,4.97,4.99
2012-05-29,5.0,5.05,5.0,5.03
2012-05-30,5.03,5.03,4.95,4.96
2012-05-31,4.96,5.03,4.93,4.99
2012-06-01,4.97,4.99,4.88,4.9
2012-06-04,4.93,4.96,4.84,4.91
2012-06-05,4.92,4.95,4.9,4.92
2012-06-06,4.94,5.12,4.93,5.06
2012-06-07,5.06,5.08,5.03,5.08
2012-06-08,5.08,5.12,5.02,5.1
2012-06-11,5.1,5.18,5.08,5.1
2012-06-12,5.07,5.16,5.07,5.15
2012-06-13,5.15,5.17,5.12,5.15
2012-06-14,5.14,5.17,5.08,5.1
2012-06-15,5.1,5.19,5.1,5.18
2012-06-18,5.21,5.22,5.08,5.09
2012-06-19,5.09,5.17,5.08,5.15
2012-06-20,5.16,5.2,5.14,5.17
2012-06-21,5.16,5.22,5.14,5.21
2012-06-22,5.16,5.2,5.14,5.18
2012-06-25,5.18,5.24,5.13,5.16
2012-06-26,5.15,5.17,5.12,5.15
2012-06-27,5.16,5.2,5.16,5.19
2012-06-28,5.19,5.21,5.18,5.19
2012-06-29,5.22,5.39,5.22,5.34
2012-07-02,5.35,5.36,5.3,5.32
2012-07-03,5.33,5.36,5.3,5.32
2012-07-04,5.33,5.35,5.31,5.34
2012-07-05,5.26,5.37,5.23,5.36
2012-07-06,5.35,5.36,5.32,5.34
2012-07-09,5.34,5.34,5.28,5.29
2012-07-10,5.3,5.36,5.3,5.35
2012-07-11,5.33,5.34,5.3,5.31
2012-07-12,5.3,5.3,5.23,5.26
2012-07-13,5.27,5.28,5.23,5.24
2012-07-16,5.25,5.28,5.23,5.25
2012-07-17,5.25,5.27,5.21,5.22
2012-07-18,5.22,5.29,5.2,5.28
2012-07-19,5.3,5.32,5.28,5.3
2012-07-20,5.3,5.3,5.24,5.27
2012-07-23,5.23,5.25,5.16,5.17
2012-07-24,5.19,5.2,5.15,5.19
2012-07-25,5.18,5.2,5.14,5.19
2012-07-26,5.18,5.19,5.1,5.12
2012-07-27,5.17,5.21,5.13,5.15
2012-07-30,5.18,5.25,5.16,5.24
2012-07-31,5.25,5.3,5.21,5.28
2012-08-01,5.28,5.33,5.26,5.28
2012-08-02,5.29,5.3,5.27,5.28
2012-08-03,5.26,5.28,5.22,5.27
2012-08-06,5.28,5.33,5.28,5.31
2012-08-07,5.32,5.37,5.3,5.35
2012-08-08,5.36,5.39,5.35,5.36
2012-08-09,5.36,5.39,5.33,5.35
2012-08-10,5.35,5.36,5.31,5.35
2012-08-13,5.35,5.39,5.33,5.38
2012-08-14,5.38,5.42,5.37,5.41
2012-08-16,5.42,5.42,5.39,5.4
2012-08-17,5.26,5.42,5.26,5.38
2012-08-21,5.39,5.45,5.38,5.44
2012-08-22,5.42,5.46,5.42,5.44
2012-08-23,5.43,5.48,5.41,5.45
2012-08-24,5.43,5.43,5.4,5.41
2012-08-27,5.41,5.42,5.37,5.38
2012-08-28,5.39,5.39,5.32,5.36
2012-08-29,5.37,5.37,5.3,5.31
2012-08-30,5.31,5.36,5.28,5.34
2012-08-31,5.33,5.33,5.27,5.28
2012-09-03,5.3,5.33,5.26,5.27
2012-09-04,5.28,5.31,5.26,5.3
2012-09-05,5.28,5.28,5.23,5.26
2012-09-06,5.25,5.29,5.24,5.27
2012-09-07,5.3,5.41,5.3,5.4
2012-09-10,5.41,5.43,5.39,5.41
2012-09-11,5.41,5.42,5.35,5.41
2012-09-12,5.42,5.46,5.42,5.46
2012-09-13,5.45,5.47,5.44,5.45
2012-09-14,5.5,5.63,5.5,5.61
2012-09-17,5.65,5.73,5.65,5.66
2012-09-18,5.65,5.66,5.62,5.63
2012-09-20,5.6,5.61,5.57,5.58
2012-09-21,5.6,5.74,5.6,5.72
2012-09-24,5.71,5.74,5.68,5.7
2012-09-25,5.75,5.75,5.68,5.7
2012-09-26,5.68,5.71,5.67,5.7
2012-09-27,5.69,5.74,5.68,5.68
2012-09-28,5.69,5.77,5.69,5.73
2012-10-01,5.72,5.77,5.72,5.75
2012-10-03,5.75,5.78,5.75,5.78
2012-10-04,5.75,5.84,5.75,5.83
2012-10-05,5.84,5.85,5.75,5.78
2012-10-08,5.76,5.77,5.7,5.71
2012-10-09,5.73,5.76,5.71,5.73
2012-10-10,5.71,5.72,5.67,5.68
2012-10-11,5.68,5.81,5.67,5.8
2012-10-12,5.79,5.8,5.73,5.74
2012-10-15,5.74,5.76,5.71,5.74
2012-10-16,5.75,5.77,5.67,5.68
2012-10-17,5.7,5.73,5.67,5.69
2012-10-18,5.7,5.75,5.68,5.75
2012-10-19,5.74,5.75,5.7,5.71
2012-10-22,5.71,5.76,5.69,5.75
2012-10-23,5.74,5.76,5.7,5.72
2012-10-25,5.72,5.75,5.72,5.75
2012-10-29,5.74,5.74,5.74,5.74
2012-10-30,5.67,5.67,5.67,5.67
2012-10-31,5.7,5.7,5.7,5.7
2012-11-01,5.73,5.73,5.73,5.73
2012-11-02,5.78,5.78,5.78,5.78
2012-11-05,5.79,5.79,5.79,5.79
2012-11-06,5.81,5.81,5.81,5.81
2012-11-07,5.84,5.84,5.84,5.84
2012-11-08,5.82,5.82,5.82,5.82
2012-11-09,5.77,5.77,5.77,5.77
2012-11-12,5.77,5.77,5.77,5.77
2012-11-15,5.71,5.71,5.71,5.71
2012-11-16,5.65,5.65,5.65,5.65
2012-11-19,5.65,5.65,5.65,5.65
2012-11-20,5.65,5.65,5.65,5.65
2012-11-21,5.7,5.7,5.7,5.7
2012-11-22,5.71,5.71,5.71,5.71
2012-11-23,5.71,5.71,5.71,5.71
2012-11-26,5.72,5.72,5.72,5.72
2012-11-27,5.81,5.81,5.81,5.81
2012-11-29,5.91,5.91,5.91,5.91
2012-11-30,5.96,5.96,5.96,5.96
2012-12-03,5.95,5.95,5.95,5.95
2012-12-04,5.97,5.97,5.97,5.97
2012-12-05,5.98,5.98,5.98,5.98
2012-12-06,6.01,6.01,6.01,6.01
2012-12-07,5.99,5.99,5.99,5.99
2012-12-10,5.99,5.99,5.99,5.99
2012-12-11,5.98,5.98,5.98,5.98
2012-12-12,5.97,5.97,5.97,5.97
2012-12-13,5.93,5.93,5.93,5.93
2012-12-14,5.96,5.96,5.96,5.96
2012-12-17,5.94,5.94,5.94,5.94
2012-12-18,5.98,5.98,5.98,5.98
2012-12-19,6.01,6.01,6.01,6.01
2012-12-20,6.0,6.0,6.0,6.0
2012-12-21,5.93,5.93,5.93,5.93
2012-12-24,5.94,5.94,5.94,5.94
2012-12-26,5.99,5.99,5.99,5.99
2012-12-27,5.95,5.95,5.95,5.95
2012-12-28,5.99,5.99,5.99,5.99
2012-12-31,5.99,5.99,5.99,5.99
2013-01-01,6.04,6.04,6.04,6.04
2013-01-02,6.08,6.08,6.08,6.08
2013-01-03,6.09,6.09,6.09,6.09
2013-01-04,6.1,6.1,6.1,6.1
2013-01-07,6.07,6.07,6.07,6.07
2013-01-08,6.09,6.09,6.09,6.09
2013-01-09,6.06,6.06,6.06,6.06
2013-01-10,6.05,6.05,6.05,6.05
2013-01-11,6.03,6.03,6.03,6.03
2013-01-14,6.11,6.11,6.11,6.11
2013-01-15,6.14,6.14,6.14,6.14
2013-01-16,6.09,6.09,6.09,6.09
2013-01-17,6.12,6.12,6.12,6.12
2013-01-18,6.15,6.15,6.15,6.15
2013-01-21,6.17,6.17,6.17,6.17
2013-01-22,6.13,6.13,6.13,6.13
2013-01-23,6.14,6.14,6.14,6.14
2013-01-24,6.1,6.1,6.1,6.1
2013-01-25,6.16,6.16,6.16,6.16
2013-01-28,6.16,6.16,6.16,6.16
2013-01-29,6.13,6.13,6.13,6.13
2013-01-30,6.14,6.14,6.14,6.14
2013-01-31,6.12,6.12,6.12,6.12
2013-02-01,6.08,6.08,6.08,6.08
2013-02-04,6.07,6.07,6.07,6.07
2013-02-05,6.04,6.04,6.04,6.04
2013-02-06,6.04,6.04,6.04,6.04
2013-02-07,6.02,6.02,6.02,6.02
2013-02-08,5.99,5.99,5.99,5.99
2013-02-11,5.98,5.98,5.98,5.98
2013-02-12,6.0,6.0,6.0,6.0
2013-02-13,6.02,6.02,6.02,6.02
2013-02-14,5.98,5.98,5.98,5.98
2013-02-15,5.97,5.97,5.97,5.97
2013-02-18,5.98,5.98,5.98,5.98
2013-02-19,6.02,6.02,6.02,6.02
2013-02-20,6.03,6.03,6.03,6.03
2013-02-21,5.93,5.93,5.93,5.93
2013-02-22,5.93,5.93,5.93,5.93
2013-02-25,5.94,5.94,5.94,5.94
2013-02-26,5.84,5.84,5.84,5.84
2013-02-27,5.88,5.88,5.88,5.88
2013-02-28,5.77,5.77,5.77,5.77
2013-03-01,5.8,5.8,5.8,5.8
2013-03-04,5.78,5.78,5.78,5.78
2013-03-05,5.87,5.87,5.87,5.87
2013-03-06,5.9,5.9,5.9,5.9
2013-03-07,5.95,5.95,5.95,5.95
2013-03-08,6.03,6.03,6.03,6.03
2013-03-11,6.03,6.03,6.03,6.03
2013-03-12,6.0,6.0,6.0,6.0
2013-03-13,5.93,5.93,5.93,5.93
2013-03-14,5.92,5.92,5.92,5.92
2013-03-15,5.88,5.88,5.88,5.88
2013-03-18,5.85,5.85,5.85,5.85
2013-03-19,5.76,5.76,5.76,5.76
2013-03-20,5.7,5.7,5.7,5.7
2013-03-21,5.67,5.67,5.67,5.67
2013-03-22,5.66,5.66,5.66,5.66
2013-03-25,5.65,5.65,5.65,5.65
2013-03-26,5.65,5.65,5.65,5.65
2013-03-28,5.69,5.69,5.69,5.69
2013-04-01,5.72,5.72,5.72,5.72
2013-04-02,5.76,5.76,5.76,5.76
2013-04-03,5.68,5.68,5.68,5.68
2013-04-04,5.59,5.59,5.59,5.59
2013-04-05,5.56,5.56,5.56,5.56
2013-04-08,5.55,5.55,5.55,5.55
2013-04-09,5.51,5.51,5.51,5.51
2013-04-10,5.57,5.57,5.57,5.57
2013-04-11,5.6,5.6,5.6,5.6
2013-04-12,5.54,5.54,5.54,5.54
2013-04-15,5.58,5.58,5.58,5.58
2013-04-16,5.7,5.7,5.7,5.7
2013-04-17,5.7,5.7,5.7,5.7
2013-04-18,5.79,5.79,5.79,5.79
2013-04-22,5.84,5.84,5.84,5.84
2013-04-23,5.85,5.85,5.85,5.85
2013-04-25,5.93,5.93,5.93,5.93
2013-04-26,5.88,5.88,5.88,5.88
2013-04-29,5.91,5.91,5.91,5.91
2013-04-30,5.94,5.94,5.94,5.94
2013-05-02,6.01,6.01,6.01,6.01
2013-05-03,5.95,5.95,5.95,5.95
2013-05-06,5.98,5.98,5.98,5.98
2013-05-07,6.05,6.05,6.05,6.05
2013-05-08,6.08,6.08,6.08,6.08
2013-05-09,6.06,6.06,6.06,6.06
2013-05-10,6.11,6.11,6.11,6.11
2013-05-13,5.99,5.99,5.99,5.99
2013-05-14,6.01,6.01,6.01,6.01
2013-05-15,6.16,6.16,6.16,6.16
2013-05-16,6.18,6.18,6.18,6.18
2013-05-17,6.2,6.2,6.2,6.2
2013-05-20,6.17,6.17,6.17,6.17
2013-05-21,6.13,6.13,6.13,6.13
2013-05-22,6.11,6.11,6.11,6.11
2013-05-23,5.98,5.98,5.98,5.98
2013-05-24,6.0,6.0,6.0,6.0
2013-05-27,6.1,6.1,6.1,6.1
2013-05-28,6.13,6.13,6.13,6.13
2013-05-29,6.12,6.12,6.12,6.12
2013-05-30,6.15,6.15,6.15,6.15
2013-05-31,6.02,6.02,6.02,6.02
2013-06-03,5.97,5.97,5.97,5.97
2013-06-04,5.95,5.95,5.95,5.95
2013-06-05,5.96,5.96,5.96,5.96
2013-06-06,5.96,5.96,5.96,5.96
2013-06-07,5.92,5.92,5.92,5.92
2013-06-10,5.92,5.92,5.92,5.92
2013-06-11,5.83,5.83,5.83,5.83
2013-06-12,5.8,5.8,5.8,5.8
2013-06-13,5.74,5.74,5.74,5.74
2013-06-14,5.85,5.85,5.85,5.85
2013-06-17,5.89,5.89,5.89,5.89
2013-06-18,5.86,5.86,5.86,5.86
2013-06-19,5.86,5.86,5.86,5.86
2013-06-20,5.7,5.7,5.7,5.7
2013-06-21,5.71,5.71,5.71,5.71
2013-06-24,5.67,5.71,5.63,5.65
2013-06-25,5.66,5.72,5.61,5.69
2013-06-26,5.6,5.69,5.6,5.63
2013-06-27,5.67,5.73,5.66,5.71
2013-06-28,5.75,5.91,5.75,5.9
2013-07-01,5.89,5.93,5.86,5.93
2013-07-02,5.92,5.93,5.89,5.9
2013-07-03,5.86,5.9,5.81,5.87
2013-07-04,5.89,5.9,5.86,5.88
2013-07-05,5.9,5.94,5.9,5.91
2013-07-08,5.9,5.9,5.83,5.87
2013-07-09,5.83,5.93,5.83,5.91
2013-07-10,5.91,5.93,5.85,5.86
2013-07-11,5.94,5.99,5.91,5.97
2013-07-12,6.0,6.06,5.99,6.04
2013-07-15,6.06,6.09,6.02,6.07
2013-07-16,6.03,6.03,5.97,6.0
2013-07-17,6.01,6.03,5.97,6.01
2013-07-18,6.03,6.09,6.01,6.07
2013-07-19,6.08,6.11,6.06,6.07
2013-07-22,6.05,6.1,6.04,6.08
2013-07-23,6.08,6.13,6.08,6.12
2013-07-24,6.08,6.1,6.0,6.03
2013-07-25,6.02,6.06,5.95,5.96
2013-07-26,5.97,5.99,5.91,5.92
2013-07-29,5.92,5.93,5.87,5.88
2013-07-30,5.92,5.92,5.8,5.82
2013-07-31,5.83,5.83,5.75,5.81
2013-08-01,5.82,5.87,5.74,5.79
2013-08-02,6.01,6.01,5.73,5.78
2013-08-05,5.8,5.81,5.73,5.74
2013-08-06,5.73,5.73,5.59,5.63
2013-08-07,5.71,5.71,5.58,5.6
2013-08-08,5.61,5.66,5.58,5.64
2013-08-12,5.65,5.7,5.61,5.68
2013-08-13,5.67,5.83,5.65,5.77
2013-08-14,5.78,5.82,5.75,5.8
2013-08-16,5.79,5.79,5.58,5.6
2013-08-19,5.61,5.62,5.45,5.5
2013-08-20,5.5,5.5,5.4,5.47
2013-08-21,5.48,5.56,5.34,5.39
2013-08-22,5.4,5.49,5.35,5.48
2013-08-23,5.51,5.53,5.43,5.52
2013-08-26,5.53,5.59,5.51,5.53
2013-08-27,5.51,5.51,5.35,5.37
2013-08-28,5.47,5.47,5.19,5.36
2013-08-29,5.39,5.49,5.37,5.46
2013-08-30,5.48,5.54,5.4,5.51
2013-09-02,5.53,5.63,5.52,5.61
2013-09-03,5.63,5.63,5.4,5.43
2013-09-04,5.43,5.54,5.39,5.5
2013-09-05,5.52,5.67,5.52,5.65
2013-09-06,5.68,5.74,5.63,5.73
2013-09-10,5.74,5.97,5.68,5.94
2013-09-11,5.96,5.97,5.89,5.97
2013-09-12,5.98,5.98,5.88,5.91
2013-09-13,5.9,5.95,5.88,5.91
2013-09-16,5.95,6.01,5.86,5.9
2013-09-17,5.85,5.92,5.85,5.92
2013-09-18,5.93,5.98,5.9,5.96
2013-09-19,6.04,6.2,6.04,6.18
2013-09-20,6.17,6.18,6.0,6.08
2013-09-23,6.08,6.08,5.95,5.97
2013-09-24,5.82,6.0,5.82,5.96
2013-09-25,5.97,5.97,5.88,5.94
2013-09-26,5.92,5.99,5.92,5.96
2013-09-27,5.95,5.98,5.9,5.91
2013-09-30,5.88,5.88,5.8,5.82
2013-10-01,5.75,5.87,5.75,5.86
2013-10-03,5.87,5.99,5.87,5.98
2013-10-04,5.98,6.02,5.95,5.97
2013-10-07,5.98,6.0,5.91,5.98
2013-10-08,5.9,6.05,5.82,6.04
2013-10-09,6.02,6.11,5.96,6.1
2013-10-10,6.09,6.11,6.02,6.1
2013-10-11,6.14,6.17,6.11,6.16
2013-10-14,6.15,6.19,6.14,6.18
2013-10-15,6.2,6.21,6.12,6.15
2013-10-17,6.16,6.18,6.1,6.11
2013-10-18,6.12,6.27,6.12,6.25
2013-10-21,6.28,6.29,5.71,6.27
2013-10-22,6.0,6.28,6.0,6.27
2013-10-23,6.26,6.28,6.19,6.24
2013-10-24,6.24,6.32,6.2,6.23
2013-10-25,6.21,6.25,6.19,6.22
2013-10-28,6.24,6.25,6.17,6.18
2013-10-29,6.18,6.3,6.15,6.29
2013-10-30,6.28,6.33,6.24,6.31
2013-10-31,6.32,6.37,6.25,6.36
2013-11-01,6.35,6.4,6.35,6.38
2013-11-05,6.37,6.4,6.32,6.33
2013-11-06,6.33,6.34,6.28,6.29
2013-11-07,6.3,6.37,6.25,6.26
2013-11-08,6.25,6.25,6.2,6.22
2013-11-11,6.2,6.22,6.15,6.16
2013-11-12,6.17,6.19,6.1,6.11
2013-11-13,6.09,6.12,6.04,6.06
2013-11-14,6.35,6.35,6.09,6.12
2013-11-18,6.19,6.27,6.19,6.26
2013-11-19,6.26,6.28,6.24,6.28
2013-11-20,6.26,6.28,6.18,6.2
2013-11-21,6.18,6.18,6.06,6.08
2013-11-22,6.09,6.12,6.04,6.07
2013-11-25,6.12,6.2,6.11,6.19
2013-11-26,6.18,6.18,6.12,6.13
2013-11-27,6.25,6.43,6.1,6.13
2013-11-28,6.16,6.18,6.14,6.15
2013-11-29,6.2,6.25,6.16,6.24
2013-12-02,6.25,6.3,6.24,6.29
2013-12-03,6.29,6.29,6.25,6.27
2013-12-04,6.26,6.28,6.21,6.23
2013-12-05,6.32,6.36,6.31,6.33
2013-12-06,6.34,6.37,6.31,6.35
2013-12-09,6.43,6.51,6.41,6.42
2013-12-10,6.42,6.44,6.38,6.4
2013-12-11,6.37,6.4,6.35,6.38
2013-12-12,6.38,6.38,6.3,6.31
2013-12-13,6.27,6.28,6.24,6.25
2013-12-16,6.25,6.26,6.22,6.23
2013-12-17,6.25,6.26,6.2,6.21
2013-12-18,6.2,6.31,6.2,6.29
2013-12-19,6.29,6.31,6.21,6.22
2013-12-20,6.24,6.36,6.23,6.35
2013-12-23,6.35,6.39,6.34,6.36
2013-12-24,7.0,7.0,6.33,6.34
2013-12-26,6.34,6.39,6.33,6.36
2013-12-27,6.36,6.4,6.35,6.39
2013-12-30,6.4,6.4,6.35,6.36
2013-12-31,6.37,6.39,6.36,6.38
2014-01-01,6.36,6.39,6.36,6.37
2014-01-02,6.37,6.43,6.27,6.29
2014-01-03,6.24,6.29,6.23,6.28
2014-01-06,6.28,6.28,6.24,6.25
2014-01-07,6.25,6.29,6.21,6.24
2014-01-08,6.24,6.26,6.23,6.24
2014-01-09,6.24,6.26,6.22,6.24
2014-01-10,6.24,6.31,6.21,6.25
2014-01-13,6.26,6.36,6.25,6.34
2014-01-14,6.32,6.35,6.3,6.31
2014-01-15,6.32,6.39,6.32,6.38
2014-01-16,6.4,6.41,6.37,6.39
2014-01-17,6.37,6.4,6.31,6.32
2014-01-20,6.33,6.4,6.31,6.39
2014-01-21,6.39,6.4,6.36,6.37
2014-01-22,6.38,6.43,6.36,6.42
2014-01-23,6.41,6.44,6.39,6.43
2014-01-24,6.39,6.41,6.33,6.35
2014-01-27,6.3,6.32,6.2,6.21
2014-01-28,6.21,6.25,6.17,6.21
2014-01-29,6.24,6.28,6.22,6.24
2014-01-30,6.17,6.21,6.12,6.17
2014-01-31,6.18,6.18,6.16,6.17
2014-02-03,6.17,6.18,6.11,6.13
2014-02-04,6.12,6.12,6.03,6.09
2014-02-05,5.86,6.12,5.86,6.11
2014-02-06,6.5,6.64,6.05,6.11
2014-02-07,6.15,6.17,6.12,6.16
2014-02-10,6.16,6.18,6.13,6.15
2014-02-11,6.15,6.17,6.13,6.16
2014-02-12,6.16,6.21,6.16,6.17
2014-02-13,6.18,6.18,6.07,6.08
2014-02-14,6.09,6.14,6.07,6.13
2014-02-17,6.14,6.18,6.1,6.16
2014-02-18,6.17,6.22,6.15,6.2
2014-02-19,6.2,6.24,6.19,6.22
2014-02-20,6.22,6.22,6.17,6.18
2014-02-21,5.87,6.25,5.87,6.23
2014-02-24,6.23,6.26,6.2,6.26
2014-02-25,6.27,6.28,6.24,6.28
2014-02-26,6.27,6.32,6.27,6.31
2014-02-28,6.3,6.35,6.3,6.34
2014-03-03,6.34,6.36,6.28,6.29
2014-03-04,6.29,6.37,6.29,6.37
2014-03-05,6.38,6.41,6.36,6.4
2014-03-06,6.42,6.48,6.41,6.47
2014-03-07,6.48,6.61,6.46,6.6
2014-03-10,6.57,6.6,6.54,6.57
2014-03-11,6.57,6.59,6.49,6.51
2014-03-12,6.51,6.55,6.48,6.53
2014-03-13,6.53,6.56,6.48,6.49
2014-03-14,6.47,6.51,6.45,6.5
2014-03-18,6.5,6.57,6.5,6.52
2014-03-19,6.52,6.55,6.5,6.53
2014-03-20,6.52,6.54,6.48,6.49
2014-03-21,6.49,6.52,6.48,6.5
2014-03-24,6.5,6.6,6.5,6.59
2014-03-25,6.58,6.6,6.57,6.6
2014-03-26,6.61,6.62,6.58,6.59
2014-03-27,6.58,6.65,6.58,6.63
2014-03-28,6.63,6.71,6.63,6.69
2014-03-31,6.76,6.76,6.68,6.7
2014-04-01,6.7,6.72,6.67,6.71
2014-04-02,6.72,6.78,6.72,6.76
2014-04-03,6.77,6.77,6.71,6.74
2014-04-04,6.73,6.73,6.7,6.71
2014-04-07,6.71,6.73,6.65,6.7
2014-04-09,6.72,6.82,6.71,6.8
2014-04-10,6.79,6.84,6.79,6.8
2014-04-11,6.76,6.81,6.76,6.79
2014-04-15,6.79,6.81,6.74,6.77
2014-04-16,6.77,6.81,6.71,6.72
2014-04-17,6.72,6.8,6.71,6.79
2014-04-21,6.79,6.85,6.79,6.85
2014-04-22,6.84,6.86,6.82,6.83
2014-04-23,6.83,6.93,6.82,6.87
2014-04-25,6.87,6.87,6.81,6.82
2014-04-28,6.82,6.85,6.78,6.79
2014-04-29,6.79,6.8,6.73,6.75
2014-04-30,6.75,6.8,6.69,6.73
2014-05-02,6.76,6.77,6.69,6.7
2014-05-05,6.7,6.76,6.69,6.73
2014-05-06,6.75,6.76,6.73,6.74
2014-05-07,6.75,6.75,6.68,6.69
2014-05-08,6.7,6.71,6.66,6.68
2014-05-09,6.68,6.98,6.66,6.92
2014-05-12,6.92,7.05,6.9,7.04
2014-05-13,7.0,7.18,7.0,7.11
2014-05-14,7.11,7.15,7.1,7.13
2014-05-15,7.14,7.17,7.1,7.14
2014-05-16,7.24,7.61,7.14,7.23
2014-05-19,7.31,7.33,7.23,7.29
2014-05-20,7.29,7.32,7.26,7.27
2014-05-21,7.27,7.31,7.24,7.3
2014-05-22,7.3,7.33,7.28,7.3
2014-05-23,7.31,7.42,7.3,7.4
2014-05-26,7.44,7.51,7.29,7.39
2014-05-27,7.39,7.39,7.3,7.31
2014-05-28,7.34,7.37,7.31,7.33
2014-05-29,7.33,7.35,7.28,7.3
2014-05-30,7.31,7.32,7.22,7.24
2014-06-02,7.27,7.38,7.22,7.37
2014-06-03,7.38,7.46,7.36,7.45
2014-06-04,7.44,7.46,7.42,7.43
2014-06-05,7.43,7.86,7.4,7.51
2014-06-06,7.2,7.63,7.2,7.62
2014-06-09,7.64,7.73,7.64,7.71
2014-06-10,7.71,7.74,7.62,7.72
2014-06-11,7.71,7.79,7.65,7.68
2014-06-12,7.68,7.71,7.36,7.69
2014-06-13,7.69,7.73,7.59,7.64
2014-06-16,7.58,7.63,7.57,7.61
2014-06-17,7.6,7.7,7.57,7.69
2014-06-18,7.69,7.71,7.59,7.61
2014-06-19,7.61,7.66,7.57,7.6
2014-06-20,7.61,7.63,7.56,7.57
2014-06-23,7.58,7.6,7.51,7.54
2014-06-24,7.56,7.65,7.56,7.63
2014-06-25,7.63,7.63,7.6,7.61
2014-06-26,7.61,7.64,7.54,7.56
2014-06-27,7.57,7.6,7.55,7.56
2014-06-30,7.56,7.66,7.56,7.65
2014-07-01,7.65,7.69,7.65,7.68
2014-07-02,7.68,7.77,7.68,7.76
2014-07-03,7.77,7.8,7.74,7.77
2014-07-04,7.77,7.88,7.71,7.82
2014-07-07,7.82,7.85,7.8,7.83
2014-07-08,7.83,7.87,7.67,7.68
2014-07-09,7.69,7.7,7.6,7.63
2014-07-10,7.45,7.84,7.45,7.64
2014-07-11,7.64,7.67,7.5,7.52
2014-07-14,7.52,7.53,7.48,7.5
2014-07-15,7.53,7.59,7.51,7.58
2014-07-16,7.6,7.71,7.58,7.69
2014-07-17,7.68,7.7,7.68,7.7
2014-07-18,7.69,7.74,7.65,7.73
2014-07-21,7.73,7.78,7.73,7.75
2014-07-22,7.75,7.84,7.75,7.82
2014-07-23,7.85,7.87,7.81,7.86
2014-07-24,7.86,7.89,7.82,7.88
2014-07-25,7.88,7.89,7.8,7.85
2014-07-28,7.85,7.88,7.79,7.82
2014-07-30,7.82,7.87,7.77,7.86
2014-07-31,7.86,7.87,7.79,7.8
2014-08-01,7.78,7.82,7.69,7.71
2014-08-04,7.72,7.79,7.72,7.77
2014-08-05,7.77,7.84,7.7,7.82
2014-08-06,7.8,7.81,7.72,7.74
2014-08-07,7.74,7.78,7.69,7.72
2014-08-08,7.7,7.74,7.63,7.68
2014-08-11,7.72,7.73,7.68,7.71
2014-08-12,7.73,7.81,7.72,7.79
2014-08-13,7.79,7.84,7.77,7.83
2014-08-14,7.85,7.89,7.83,7.88
2014-08-18,7.87,7.97,7.85,7.96
2014-08-19,7.96,8.0,7.92,7.98
2014-08-20,7.97,7.98,7.94,7.95
2014-08-21,7.95,8.0,7.93,7.95
2014-08-22,7.97,8.01,7.94,8.0
2014-08-25,8.03,8.05,7.98,7.99
2014-08-26,7.98,8.02,7.96,8.01
2014-08-27,8.02,8.06,8.0,8.04
2014-08-28,8.04,8.07,8.02,8.06
2014-09-01,8.08,8.14,8.07,8.13
2014-09-02,8.12,8.2,8.12,8.19
2014-09-03,8.19,8.25,8.19,8.22
2014-09-04,8.22,8.22,8.13,8.18
2014-09-05,8.16,8.2,8.12,8.17
2014-09-08,8.2,8.27,8.18,8.26
2014-09-09,8.26,8.26,8.22,8.25
2014-09-10,8.24,8.24,8.18,8.2
2014-09-11,8.2,8.23,8.15,8.18
2014-09-12,8.19,8.21,8.16,8.19
2014-09-15,8.18,8.18,8.11,8.13
2014-09-16,8.1,8.13,8.03,8.04
2014-09-17,8.05,8.08,8.02,8.05
2014-09-18,8.04,8.22,8.02,8.2
2014-09-19,8.2,8.24,8.18,8.21
2014-09-22,8.21,8.27,8.15,8.26
2014-09-23,8.25,8.26,8.13,8.14
2014-09-24,8.15,8.15,8.05,8.11
2014-09-25,8.12,8.13,7.99,8.02
2014-09-26,8.0,8.12,7.96,8.09
2014-09-29,8.08,8.11,8.04,8.07
2014-09-30,8.06,8.14,8.03,8.07
2014-10-01,8.07,8.07,8.04,8.06
2014-10-07,8.06,8.06,7.93,7.94
2014-10-08,7.94,7.98,7.92,7.96
2014-10-09,8.0,8.06,7.96,8.04
2014-10-10,8.0,8.03,7.94,7.97
2014-10-13,7.96,8.0,7.9,7.99
2014-10-14,8.01,8.02,7.94,7.97
2014-10-16,7.95,7.99,7.84,7.87
2014-10-17,7.87,7.93,7.84,7.88
2014-10-20,7.95,8.05,7.95,7.99
2014-10-21,8.01,8.04,7.99,8.03
2014-10-22,8.06,8.09,8.05,8.07
2014-10-27,8.14,8.14,8.06,8.08
2014-10-28,8.08,8.13,8.08,8.11
2014-10-29,8.14,8.17,8.13,8.16
2014-10-30,8.17,8.29,8.16,8.28
2014-10-31,8.3,8.42,8.28,8.41
2014-11-03,8.45,8.45,8.41,8.43
2014-11-05,8.44,8.47,8.42,8.44
2014-11-07,8.44,8.47,8.4,8.45
2014-11-10,8.4,8.47,8.4,8.44
2014-11-11,8.45,8.48,8.42,8.46
2014-11-12,8.47,8.54,8.46,8.48
2014-11-13,8.49,8.5,8.43,8.46
2014-11-14,8.41,8.5,8.41,8.49
2014-11-17,8.48,8.53,8.45,8.53
2014-11-18,8.54,8.55,8.48,8.51
2014-11-19,8.52,8.53,8.44,8.46
2014-11-20,8.5,9.1,8.44,8.48
2014-11-21,8.48,8.58,8.48,8.55
2014-11-24,8.57,8.62,8.55,8.61
2014-11-25,8.6,8.62,8.53,8.56
2014-11-26,8.55,8.6,8.53,8.58
2014-11-27,8.58,8.64,8.55,8.63
2014-11-28,8.56,8.72,8.56,8.69
2014-12-01,8.69,8.71,8.64,8.64
2014-12-02,8.64,8.66,8.61,8.63
2014-12-03,8.63,8.68,8.61,8.65
2014-12-04,8.66,8.7,8.64,8.68
2014-12-05,8.68,8.7,8.66,8.68
2014-12-08,8.67,8.67,8.54,8.55
2014-12-09,8.55,8.55,8.44,8.46
2014-12-10,8.45,8.49,8.42,8.47
2014-12-11,8.47,8.47,8.39,8.42
2014-12-12,8.42,8.44,8.33,8.34
2014-12-15,8.29,8.35,8.29,8.33
2014-12-16,8.32,8.32,8.18,8.2
2014-12-17,8.2,8.22,8.07,8.15
2014-12-18,8.2,8.27,8.19,8.26
2014-12-19,8.3,8.36,8.29,8.34
2014-12-22,8.35,8.47,8.32,8.44
2014-12-23,8.45,8.47,8.33,8.36
2014-12-24,8.36,8.4,8.28,8.32
2014-12-26,8.32,8.34,8.25,8.28
2014-12-29,8.28,8.37,8.28,8.34
2014-12-30,8.34,8.36,8.31,8.34
2014-12-31,8.33,8.4,8.3,8.39
2015-01-01,8.38,8.4,8.3,8.38
2015-01-02,8.37,8.49,8.36,8.47
2015-01-05,8.46,8.52,8.44,8.45
2015-01-06,8.41,8.41,8.21,8.24
2015-01-07,8.23,8.24,8.15,8.2
2015-01-08,8.25,8.33,8.25,8.32
2015-01-09,8.31,8.48,8.28,8.36
2015-01-12,8.38,8.42,8.31,8.41
2015-01-13,8.2,8.45,8.04,8.37
2015-01-14,8.37,8.4,8.31,8.36
2015-01-15,8.46,8.6,8.41,8.57
2015-01-16,8.57,8.65,8.5,8.61
2015-01-19,8.62,8.65,8.61,8.62
2015-01-20,8.64,8.79,8.64,8.76
2015-01-21,8.76,8.82,8.74,8.81
2015-01-22,8.8,8.85,8.8,8.83
2015-01-23,9.0,9.0,8.88,8.92
2015-01-27,8.93,9.0,8.9,8.99
2015-01-28,8.97,9.06,8.95,8.98
2015-01-29,8.97,9.06,8.92,9.02
2015-01-30,9.08,9.08,8.91,8.95
2015-02-02,8.95,9.09,8.88,8.92
2015-02-03,8.95,8.99,8.85,8.87
2015-02-04,8.89,8.9,8.8,8.84
2015-02-05,8.8,8.94,8.78,8.82
2015-02-06,8.81,8.93,8.76,8.8
2015-02-09,8.76,8.76,8.64,8.66
2015-02-10,8.62,8.77,8.54,8.68
2015-02-11,8.69,8.79,8.69,8.77
2015-02-12,8.77,8.85,8.71,8.83
2015-02-13,8.82,8.93,8.82,8.91
2015-02-16,8.93,8.98,8.9,8.95
2015-02-18,8.95,9.0,8.84,8.98
2015-02-19,8.98,8.98,8.84,8.94
2015-02-20,8.94,8.94,8.87,8.89
2015-02-23,8.91,8.92,8.75,8.77
2015-02-24,8.82,8.85,8.76,8.81
2015-02-25,8.84,8.88,8.77,8.78
2015-02-26,8.79,8.84,8.72,8.74
2015-02-27,8.78,8.9,8.76,8.89
2015-02-28,8.92,8.92,8.92,8.92
2015-03-02,8.96,9.02,8.93,8.94
2015-03-03,8.95,9.03,8.93,9.02
2015-03-04,9.09,9.15,8.9,8.91
2015-03-05,8.92,8.98,8.86,8.96
2015-03-09,8.95,8.96,8.77,8.78
2015-03-10,8.78,8.82,8.72,8.76
2015-03-11,8.75,8.8,8.73,8.76
2015-03-12,8.77,8.82,8.77,8.81
2015-03-13,8.81,8.86,8.65,8.68
2015-03-16,8.68,8.71,8.66,8.68
2015-03-17,8.69,8.77,8.66,8.75
2015-03-18,8.72,8.78,8.7,8.71
2015-03-19,8.75,8.82,8.62,8.64
2015-03-20,8.65,8.67,8.6,8.63
2015-03-23,8.65,8.65,8.58,8.6
2015-03-24,8.61,8.68,8.58,8.61
2015-03-25,8.62,8.62,8.57,8.59
2015-03-26,8.57,8.57,8.41,8.43
2015-03-27,8.43,8.48,8.33,8.4
2015-03-30,8.45,8.52,8.4,8.5
2015-03-31,8.52,8.56,8.47,8.51
2015-04-01,8.52,8.61,8.48,8.61
2015-04-06,8.63,8.69,8.58,8.68
2015-04-07,8.69,8.72,8.61,8.68
2015-04-08,8.72,8.75,8.7,8.73
2015-04-09,8.75,8.8,8.71,8.79
2015-04-10,8.79,8.8,8.75,8.8
2015-04-13,8.82,8.85,8.78,8.84
2015-04-15,8.85,8.87,8.75,8.77
2015-04-16,8.77,8.77,8.7,8.73
2015-04-17,8.72,8.73,8.65,8.66
2015-04-20,8.66,8.66,8.46,8.49
2015-04-21,8.54,8.54,8.4,8.42
2015-04-22,8.55,8.55,8.34,8.47
2015-04-23,8.4,8.53,8.39,8.42
2015-04-24,8.42,8.43,8.3,8.33
2015-04-27,8.41,8.42,8.23,8.24
2015-04-28,8.24,8.34,8.21,8.32
2015-04-29,8.31,8.33,8.24,8.26
2015-04-30,8.24,8.26,8.18,8.23
2015-05-04,8.29,8.38,8.22,8.35
2015-05-05,8.35,8.38,8.3,8.35
2015-05-06,8.35,8.35,8.11,8.12
2015-05-07,8.1,8.15,8.05,8.12
2015-05-08,8.18,8.26,8.15,8.22
2015-05-11,8.25,8.35,8.25,8.34
2015-05-12,8.33,8.34,8.19,8.19
2015-05-13,8.24,8.3,8.15,8.28
2015-05-14,8.25,8.29,8.2,8.28
2015-05-15,8.26,8.38,8.25,8.33
2015-05-18,8.33,8.42,8.3,8.41
2015-05-19,8.36,8.46,8.35,8.38
2015-05-20,8.36,8.46,8.36,8.44
2015-05-21,8.42,8.46,8.4,8.45
2015-05-22,8.44,8.5,8.44,8.48
2015-05-25,8.47,8.47,8.38,8.4
2015-05-26,8.45,8.46,8.35,8.38
2015-05-27,8.35,8.37,8.31,8.35
2015-05-28,8.35,8.38,8.31,8.35
2015-05-29,8.34,8.48,8.34,8.46
2015-06-01,8.46,8.5,8.45,8.48
2015-06-02,8.48,8.48,8.31,8.37
2015-06-03,8.34,8.34,8.18,8.2
2015-06-04,8.19,8.22,8.13,8.21
2015-06-05,8.2,8.27,8.17,8.19
2015-06-08,8.16,8.21,8.05,8.13
2015-06-09,8.11,8.13,8.08,8.1
2015-06-10,8.09,8.19,8.09,8.17
2015-06-11,8.17,8.2,8.03,8.05
2015-06-12,8.02,8.07,8.01,8.06
2015-06-15,8.01,8.13,8.01,8.1
2015-06-16,8.08,8.15,8.04,8.12
2015-06-17,8.15,8.19,8.12,8.16
2015-06-18,8.16,8.25,8.15,8.24
2015-06-19,8.25,8.31,8.25,8.3
2015-06-22,8.31,8.42,8.31,8.41
2015-06-23,8.42,8.45,8.39,8.44
2015-06-24,8.45,8.47,8.39,8.42
2015-06-25,8.39,8.47,8.38,8.45
2015-06-26,8.45,8.49,8.38,8.46
2015-06-29,8.25,8.39,8.25,8.37
2015-06-30,8.36,8.45,8.35,8.44
2015-07-01,8.44,8.54,8.41,8.52
2015-07-02,8.52,8.55,8.49,8.5
2015-07-03,8.54,8.56,8.49,8.53
2015-07-06,8.47,8.6,8.45,8.59
2015-07-07,8.6,8.61,8.55,8.57
2015-07-08,8.5,8.53,8.43,8.45
2015-07-09,8.45,8.48,8.41,8.42
2015-07-10,8.43,8.48,8.41,8.46
2015-07-13,8.45,8.56,8.44,8.55
2015-07-14,8.54,8.57,8.52,8.53
2015-07-15,8.54,8.61,8.54,8.61
2015-07-16,8.61,8.69,8.61,8.67
2015-07-17,8.66,8.76,8.65,8.72
2015-07-20,8.72,8.73,8.66,8.71
2015-07-21,8.71,8.72,8.61,8.62
2015-07-22,8.61,8.73,8.59,8.71
2015-07-23,8.72,8.73,8.65,8.67
2015-07-24,8.66,8.67,8.61,8.62
2015-07-27,8.6,8.6,8.46,8.47
2015-07-28,8.5,8.51,8.43,8.44
2015-07-29,8.45,8.48,8.43,8.47
2015-07-30,8.47,8.55,8.47,8.54
2015-07-31,8.54,8.65,8.54,8.64
2015-08-03,8.63,8.67,8.61,8.66
2015-08-04,8.66,8.67,8.57,8.63
2015-08-05,8.58,8.7,8.58,8.67
2015-08-06,8.68,8.72,8.65,8.7
2015-08-07,8.7,8.7,8.65,8.67
2015-08-10,8.65,8.72,8.6,8.62
2015-08-11,8.63,8.63,8.55,8.57
2015-08-12,8.55,8.55,8.44,8.46
2015-08-13,8.47,8.53,8.44,8.47
2015-08-14,8.47,8.63,8.47,8.62
2015-08-17,8.63,8.63,7.99,8.55
2015-08-18,8.6,8.6,8.51,8.55
2015-08-19,8.54,8.6,8.51,8.57
2015-08-20,8.56,8.56,8.43,8.45
2015-08-21,8.41,8.44,8.33,8.42
2015-08-24,8.31,8.39,7.89,7.93
2015-08-25,8.1,8.14,7.77,7.99
2015-08-26,8.0,8.04,7.89,7.9
2015-08-27,8.0,8.06,7.96,8.06
2015-08-28,8.08,8.2,8.06,8.11
2015-08-31,8.1,8.15,8.06,8.09
2015-09-01,8.05,8.06,7.86,7.91
2015-09-02,7.95,7.97,7.82,7.83
2015-09-03,7.88,7.96,7.84,7.94
2015-09-04,7.92,7.92,7.75,7.78
2015-09-07,7.81,8.07,7.64,7.67
2015-09-08,7.7,7.84,7.65,7.8
2015-09-09,7.85,8.0,7.85,7.9
2015-09-10,7.85,7.94,7.78,7.9
2015-09-11,7.91,7.97,7.86,7.9
2015-09-14,7.94,7.97,7.87,7.95
2015-09-15,7.95,7.97,7.89,7.91
2015-09-16,7.94,8.0,7.94,7.98
2015-09-18,8.0,8.13,8.0,8.05
2015-09-21,8.03,8.06,7.98,8.05
2015-09-22,8.09,8.09,7.87,7.87
2015-09-23,7.87,7.97,7.81,7.91
2015-09-24,7.9,8.16,7.89,8.01
2015-09-28,8.01,8.07,7.87,7.88
2015-09-29,7.85,8.0,7.77,7.92
2015-09-30,8.0,8.03,7.95,8.02
2015-10-01,8.04,8.08,8.01,8.03
2015-10-05,8.08,8.2,8.08,8.19
2015-10-06,8.2,8.24,8.18,8.22
2015-10-07,8.25,8.3,8.19,8.25
2015-10-08,8.24,8.25,8.18,8.21
2015-10-09,8.25,8.3,8.21,8.26
2015-10-12,8.28,8.31,8.2,8.21
2015-10-13,8.22,8.23,8.16,8.2
2015-10-14,8.2,8.21,8.17,8.18
2015-10-15,8.21,8.26,8.21,8.25
2015-10-16,8.26,8.32,8.22,8.31
2015-10-19,8.31,8.36,8.3,8.35
2015-10-20,8.2,8.37,8.2,8.34
2015-10-21,8.35,8.39,8.29,8.33
2015-10-23,8.38,8.42,8.36,8.37
2015-10-26,8.4,8.41,8.33,8.34
2015-10-27,8.34,8.34,8.31,8.32
2015-10-28,8.3,8.31,8.23,8.27
2015-10-29,8.26,8.27,8.22,8.23
2015-10-30,8.23,8.27,8.16,8.19
2015-11-02,8.19,8.19,8.11,8.17
2015-11-03,8.2,8.23,8.15,8.18
2015-11-04,8.21,8.23,8.14,8.16
2015-11-05,8.15,8.15,8.07,8.08
2015-11-06,8.1,8.12,8.03,8.05
2015-11-09,7.95,8.05,7.88,8.03
2015-11-10,8.0,8.01,7.9,7.91
2015-11-13,7.94,7.95,7.85,7.87
2015-11-16,7.86,7.96,7.84,7.92
2015-11-17,7.97,7.97,7.89,7.94
2015-11-18,7.86,7.95,7.84,7.85
2015-11-19,7.89,7.97,7.87,7.96
2015-11-20,7.96,8.02,7.92,7.95
2015-11-23,7.97,7.99,7.94,7.96
2015-11-24,7.96,7.98,7.9,7.91
2015-11-26,7.93,7.99,7.91,7.98
2015-11-27,7.99,8.03,7.97,8.02
2015-11-30,8.02,8.05,8.01,8.03
2015-12-01,8.03,8.06,8.02,8.04
2015-12-02,8.06,8.07,7.99,8.02
2015-12-03,8.0,8.0,7.93,7.95
2015-12-04,7.92,7.93,7.87,7.89
2015-12-07,7.92,7.92,7.85,7.88
2015-12-08,7.85,7.87,7.8,7.81
2015-12-09,7.8,7.87,7.71,7.77
2015-12-10,7.77,7.8,7.73,7.79
2015-12-11,7.8,7.8,7.67,7.71
2015-12-14,7.7,7.74,7.64,7.72
2015-12-15,7.75,7.78,7.7,7.78
2015-12-16,7.9,7.9,7.77,7.82
2015-12-17,7.86,7.94,7.82,7.93
2015-12-18,7.93,7.93,7.86,7.87
2015-12-21,7.89,7.93,7.85,7.92
2015-12-22,7.92,7.94,7.86,7.88
2015-12-23,7.91,7.95,7.9,7.94
2015-12-24,7.93,7.98,7.93,7.96
2015-12-28,7.97,8.01,7.96,8.0
2015-12-29,8.01,8.02,7.98,8.01
2015-12-30,8.0,8.02,7.97,7.98
2015-12-31,7.98,8.05,7.97,8.03
2016-01-01,8.02,8.07,8.0,8.05
2016-01-04,8.03,8.03,7.89,7.9
2016-01-05,7.94,7.94,7.88,7.9
2016-01-06,7.9,7.91,7.84,7.85
2016-01-07,7.82,7.83,7.67,7.69
2016-01-08,7.7,7.74,7.69,7.71
2016-01-11,7.66,7.71,7.6,7.67
2016-01-12,7.7,7.7,7.6,7.62
2016-01-13,7.64,7.69,7.53,7.66
2016-01-14,7.62,7.69,7.56,7.62
2016-01-15,7.64,7.64,7.54,7.55
2016-01-18,7.54,7.56,7.45,7.46
2016-01-19,7.49,7.55,7.46,7.52
2016-01-20,7.47,7.48,7.35,7.4
2016-01-21,7.44,7.48,7.35,7.38
2016-01-22,7.41,7.54,7.41,7.53
2016-01-25,7.56,7.59,7.52,7.54
2016-01-27,7.56,7.57,7.51,7.53
2016-01-28,7.52,7.54,7.49,7.51
2016-01-29,7.52,7.65,7.51,7.62
2016-02-01,7.64,7.67,7.63,7.64
2016-02-02,7.64,7.67,7.54,7.56
2016-02-03,7.52,7.52,7.42,7.44
2016-02-04,7.48,7.55,7.44,7.48
2016-02-05,7.51,7.57,7.48,7.56
2016-02-08,7.56,7.58,7.43,7.47
2016-02-09,7.42,7.42,7.35,7.37
2016-02-10,7.35,7.35,7.27,7.32
2016-02-11,7.3,7.31,7.06,7.08
2016-02-12,7.13,7.2,6.97,7.08
2016-02-15,7.11,7.26,7.11,7.23
2016-02-16,7.26,7.28,7.12,7.14
2016-02-17,7.2,7.48,7.06,7.18
2016-02-18,7.2,7.29,7.2,7.26
2016-02-19,7.25,7.31,7.23,7.28
2016-02-22,7.3,7.33,7.28,7.31
2016-02-23,7.3,7.3,7.18,7.19
2016-02-24,7.18,7.18,7.12,7.13
2016-02-25,7.21,7.21,7.06,7.07
2016-02-26,7.08,7.15,7.08,7.13
2016-02-29,7.14,7.19,6.95,7.08
2016-03-01,7.1,7.3,7.1,7.29
2016-03-02,7.3,7.48,7.3,7.46
2016-03-03,7.49,7.56,7.48,7.54
2016-03-04,7.54,7.61,7.52,7.58
2016-03-08,7.58,7.61,7.54,7.57
2016-03-09,7.55,7.62,7.53,7.61
2016-03-10,7.59,7.63,7.52,7.57
2016-03-11,7.58,7.62,7.55,7.59
2016-03-14,7.61,7.67,7.61,7.65
2016-03-15,7.67,7.67,7.57,7.57
2016-03-16,7.57,7.62,7.52,7.61
2016-03-17,7.65,7.68,7.58,7.62
2016-03-18,7.61,7.7,7.61,7.7
2016-03-21,7.61,7.82,7.61,7.8
2016-03-22,7.8,7.92,7.77,7.86
2016-03-23,7.85,7.86,7.78,7.85
2016-03-28,7.84,7.9,7.74,7.8
2016-03-29,7.79,7.79,7.71,7.73
2016-03-30,7.73,7.86,7.71,7.85
2016-03-31,7.85,8.0,7.84,7.91
2016-04-01,7.9,7.9,7.8,7.82
2016-04-04,7.82,7.87,7.82,7.86
2016-04-05,7.84,7.85,7.71,7.73
2016-04-06,7.75,7.75,7.7,7.73
2016-04-07,7.74,7.74,7.64,7.65
2016-04-08,7.6,7.69,7.6,7.68
2016-04-11,7.69,7.8,7.65,7.78
2016-04-12,7.7,7.82,7.7,7.81
2016-04-13,7.83,7.95,7.83,7.93
2016-04-18,7.95,8.01,7.94,8.0
2016-04-20,8.02,8.04,7.97,8.01
2016-04-21,8.03,8.06,7.98,8.0
2016-04-22,7.99,8.02,7.96,7.99
2016-04-25,7.99,8.0,7.92,7.95
2016-04-26,7.93,8.07,7.92,8.06
2016-04-27,8.05,8.08,8.03,8.07
2016-04-28,8.06,8.08,7.93,7.95
2016-04-29,7.93,8.0,7.89,7.95
2016-05-02,7.93,7.93,7.87,7.91
2016-05-03,7.97,8.0,7.85,7.87
2016-05-04,7.84,7.87,7.81,7.82
2016-05-05,7.83,7.9,7.82,7.87
2016-05-06,7.83,7.95,7.8,7.86
2016-05-09,7.89,7.98,7.84,7.97
2016-05-10,7.96,8.0,7.94,7.98
2016-05-11,7.96,7.98,7.89,7.94
2016-05-12,7.94,8.01,7.93,7.99
2016-05-13,7.97,7.97,7.88,7.9
2016-05-16,7.91,7.99,7.87,7.98
2016-05-17,7.99,8.03,7.97,7.98
2016-05-18,7.95,7.98,7.91,7.96
2016-05-19,7.95,7.96,7.87,7.88
2016-05-20,7.88,7.92,7.85,7.87
2016-05-23,7.89,7.9,7.84,7.85
2016-05-24,7.84,7.86,7.82,7.84
2016-05-25,7.89,8.04,7.88,8.02
2016-05-26,8.03,8.18,8.03,8.15
2016-05-27,8.17,8.25,8.15,8.24
2016-05-30,8.26,8.3,8.24,8.28
2016-05-31,8.3,8.31,8.24,8.27
2016-06-01,8.27,8.32,8.26,8.29
2016-06-02,8.25,8.37,8.25,8.35
2016-06-03,8.36,8.37,8.31,8.32
2016-06-06,8.32,8.35,8.3,8.31
2016-06-07,8.33,8.41,8.32,8.38
2016-06-08,8.38,8.42,8.33,8.41
2016-06-09,8.4,8.4,8.32,8.34
2016-06-10,8.3,8.4,8.3,8.31
2016-06-13,8.28,8.28,8.22,8.26
2016-06-14,8.28,8.28,8.22,8.27
2016-06-15,8.26,8.33,8.25,8.32
2016-06-16,8.29,8.3,8.22,8.29
2016-06-17,8.3,8.34,8.27,8.29
2016-06-20,8.27,8.37,8.23,8.36
2016-06-21,8.32,8.36,8.32,8.34
2016-06-22,8.32,8.36,8.29,8.33
2016-06-23,8.32,8.42,8.31,8.4
2016-06-24,8.25,8.35,8.09,8.25
2016-06-27,8.22,8.26,8.2,8.24
2016-06-28,8.28,8.28,8.22,8.25
2016-06-29,8.25,8.34,8.2,8.33
2016-06-30,8.36,8.44,8.36,8.43
2016-07-01,8.45,8.49,8.43,8.45
2016-07-04,8.47,8.53,8.47,8.51
2016-07-05,8.51,8.51,8.45,8.46
2016-07-07,8.5,8.5,8.44,8.47
2016-07-08,8.48,8.48,8.43,8.45
2016-07-11,8.55,8.62,8.53,8.6
2016-07-12,8.65,8.66,8.6,8.65
2016-07-13,8.65,8.67,8.6,8.65
2016-07-14,8.7,8.71,8.64,8.69
2016-07-15,8.75,8.75,8.67,8.68
2016-07-18,8.7,8.73,8.64,8.65
2016-07-19,8.7,8.7,8.62,8.67
2016-07-20,8.67,8.72,8.66,8.71
2016-07-21,8.73,8.73,8.65,8.66
2016-07-22,8.65,8.73,8.64,8.69
2016-07-25,8.69,8.81,8.67,8.8
2016-07-26,8.8,8.81,8.73,8.76
2016-07-27,8.76,8.83,8.73,8.77
2016-07-28,8.77,8.82,8.76,8.81
2016-07-29,8.82,8.83,8.79,8.81
2016-08-01,8.81,8.87,8.76,8.8
2016-08-02,8.8,8.84,8.76,8.8
2016-08-03,8.62,8.8,8.44,8.71
2016-08-04,8.72,8.76,8.67,8.72
2016-08-05,8.75,8.85,8.75,8.84
2016-08-08,8.86,8.88,8.85,8.87
2016-08-09,8.86,8.87,8.8,8.83
2016-08-10,8.84,8.84,8.75,8.76
2016-08-11,8.7,8.77,8.7,8.75
2016-08-12,8.75,8.83,8.75,8.81
2016-08-16,8.81,8.84,8.76,8.8
2016-08-17,8.8,8.83,8.76,8.77
2016-08-18,8.9,8.9,8.79,8.83
2016-08-19,8.85,8.85,8.8,8.83
2016-08-22,8.83,8.85,8.77,8.78
2016-08-23,8.78,8.81,8.75,8.79
2016-08-24,8.79,8.82,8.78,8.81
2016-08-25,8.82,8.91,8.77,8.77
2016-08-26,8.78,8.8,8.72,8.74
2016-08-29,8.75,8.78,8.71,8.76
2016-08-30,8.78,8.91,8.78,8.9
2016-08-31,8.9,8.98,8.89,8.96
2016-09-01,8.98,8.98,8.92,8.94
2016-09-02,8.94,8.97,8.92,8.96
2016-09-06,8.98,9.11,8.96,9.1
2016-09-07,9.1,9.13,9.07,9.09
2016-09-08,9.08,9.15,9.07,9.13
2016-09-09,9.1,9.1,9.03,9.06
2016-09-12,9.0,9.05,8.9,8.91
2016-09-14,8.91,8.94,8.88,8.92
2016-09-15,8.92,8.92,8.89,8.91
2016-09-16,8.93,9.03,8.93,8.95
2016-09-19,8.95,8.99,8.94,8.98
2016-09-20,8.97,8.97,8.93,8.97
2016-09-21,8.96,9.01,8.94,8.96
2016-09-22,9.1,9.1,9.01,9.04
2016-09-23,9.04,9.05,9.0,9.0
2016-09-26,8.97,8.99,8.91,8.92
2016-09-27,8.92,8.95,8.87,8.89
2016-09-28,8.91,8.95,8.88,8.93
2016-09-29,8.97,9.1,8.76,8.81
2016-09-30,8.8,8.81,8.75,8.79
2016-10-03,8.81,8.93,8.81,8.92
2016-10-04,8.93,8.95,8.9,8.93
2016-10-05,8.95,8.96,8.87,8.91
2016-10-06,8.93,8.94,8.85,8.87
2016-10-07,8.9,8.9,8.84,8.86
2016-10-10,8.89,8.92,8.88,8.9
2016-10-13,8.86,8.87,8.72,8.74
2016-10-14,8.75,8.8,8.73,8.77
2016-10-17,8.78,8.78,8.68,8.69
2016-10-18,8.73,8.84,8.72,8.82
2016-10-19,8.83,8.85,8.8,8.82
2016-10-20,8.84,8.88,8.83,8.87
2016-10-21,8.99,9.19,8.82,8.86
2016-10-24,8.87,8.9,8.85,8.88
2016-10-25,8.88,8.88,8.83,8.87
2016-10-26,8.84,8.84,8.79,8.79
2016-10-27,8.78,8.82,8.76,8.81
2016-10-28,8.85,8.85,8.76,8.82
2016-11-01,8.81,8.86,8.8,8.82
2016-11-02,8.76,8.76,8.71,8.73
2016-11-03,8.72,8.75,8.69,8.71
2016-11-04,8.71,8.71,8.61,8.63
2016-11-07,8.69,8.79,8.69,8.72
2016-11-08,8.73,8.88,8.69,8.82
2016-11-09,8.54,8.75,8.26,8.62
2016-11-10,9.01,9.5,8.7,8.75
2016-11-11,8.67,8.67,8.49,8.5
2016-11-15,8.49,8.52,8.29,8.31
2016-11-16,8.34,8.4,8.27,8.3
2016-11-17,8.29,8.34,8.26,8.3
2016-11-18,8.3,8.31,8.24,8.27
2016-11-21,8.28,8.31,8.11,8.13
2016-11-22,8.17,8.22,8.13,8.2
2016-11-23,8.23,8.25,8.16,8.23
2016-11-24,8.18,8.21,8.15,8.18
2016-11-25,8.2,8.3,8.17,8.28
2016-11-28,8.23,8.34,8.23,8.32
2016-11-29,6.7,8.39,6.63,8.34
2016-11-30,8.36,8.4,8.33,8.39
2016-12-01,8.4,8.41,8.34,8.35
2016-12-02,8.31,8.33,8.24,8.26
2016-12-05,8.35,8.35,8.23,8.32
2016-12-06,8.31,8.36,8.31,8.33
2016-12-07,8.35,8.36,8.26,8.28
2016-12-08,8.33,8.41,8.33,8.4
2016-12-09,8.43,8.43,8.4,8.42
2016-12-12,8.41,8.41,8.32,8.33
2016-12-13,8.42,8.42,8.32,8.39
2016-12-14,8.39,8.39,8.32,8.34
2016-12-15,8.32,8.39,8.29,8.33
2016-12-16,8.32,8.33,8.29,8.3
2016-12-19,8.3,8.31,8.28,8.29
2016-12-20,8.29,8.3,8.24,8.26
2016-12-21,8.27,8.29,8.24,8.25
2016-12-22,8.25,8.25,8.14,8.16
2016-12-23,8.17,8.2,8.12,8.16
2016-12-26,8.14,8.15,8.07,8.08
2016-12-27,8.07,8.2,8.07,8.19
2016-12-28,8.19,8.25,8.18,8.19
2016-12-29,8.19,8.27,8.18,8.26
2016-12-30,8.25,8.36,8.25,8.35
2017-01-02,8.4,8.4,8.3,8.35
2017-01-03,8.36,8.39,8.32,8.36
2017-01-04,8.37,8.39,8.33,8.36
2017-01-05,8.41,8.45,8.38,8.44
2017-01-06,8.62,8.62,8.41,8.42
2017-01-09,8.42,8.44,8.4,8.41
2017-01-10,8.44,8.46,8.43,8.44
2017-01-11,8.45,8.55,8.45,8.54
2017-01-12,8.55,8.57,8.54,8.57
2017-01-13,8.59,8.6,8.54,8.56
2017-01-16,8.55,8.59,8.53,8.58
2017-01-17,8.62,8.62,8.54,8.56
2017-01-18,8.57,8.62,8.56,8.57
2017-01-19,8.6,8.61,8.56,8.6
2017-01-20,8.61,8.61,8.5,8.51
2017-01-23,8.51,8.57,8.49,8.55
2017-01-24,8.57,8.63,8.57,8.63
2017-01-25,8.64,8.76,8.64,8.75
2017-01-27,8.73,8.84,8.73,8.8
2017-01-30,8.3,8.82,8.3,8.79
2017-01-31,8.8,8.8,8.72,8.72
2017-02-01,8.75,8.89,8.7,8.87
2017-02-02,8.87,8.92,8.84,8.89
2017-02-03,8.89,8.91,8.87,8.9
2017-02-06,8.95,8.98,8.92,8.97
2017-02-07,8.99,8.99,8.91,8.94
2017-02-08,8.94,8.96,8.89,8.94
2017-02-09,8.95,8.99,8.89,8.95
2017-02-10,8.99,8.99,8.94,8.96
2017-02-13,9.0,9.0,8.92,8.97
2017-02-14,9.0,9.0,8.94,8.98
2017-02-15,9.0,9.0,8.87,8.9
2017-02-16,8.93,8.96,8.89,8.95
2017-02-17,8.98,9.04,8.98,8.99
2017-02-20,9.0,9.05,8.96,9.05
2017-02-21,9.06,9.09,9.03,9.07
2017-02-22,9.09,9.13,9.06,9.1
2017-02-23,9.1,9.15,9.09,9.11
2017-02-27,9.12,9.13,9.06,9.07
2017-02-28,9.1,9.1,9.05,9.07
2017-03-01,9.07,9.17,9.07,9.16
2017-03-02,9.2,9.2,9.09,9.11
2017-03-03,9.07,9.11,9.06,9.1
2017-03-06,9.11,9.16,9.1,9.16
2017-03-07,9.15,9.15,9.13,9.13
2017-03-08,9.14,9.15,9.08,9.11
2017-03-09,9.09,9.16,9.08,9.15
2017-03-10,9.14,9.17,9.11,9.14
2017-03-14,9.2,9.33,9.2,9.27
2017-03-15,9.28,9.31,9.26,9.27
2017-03-16,9.27,9.35,9.27,9.35
2017-03-17,9.34,9.37,9.32,9.34
2017-03-20,9.34,9.35,9.31,9.33
2017-03-21,9.32,9.34,9.3,9.33
2017-03-22,9.27,9.29,9.22,9.23
2017-03-23,9.24,9.31,9.24,9.3
2017-03-24,9.31,9.34,9.27,9.33
2017-03-27,9.81,9.81,9.24,9.26
2017-03-28,9.28,9.32,9.27,9.3
2017-03-29,9.3,9.35,9.3,9.32
2017-03-30,9.32,9.39,9.32,9.38
2017-03-31,9.37,9.39,9.34,9.38
2017-04-03,9.41,9.46,9.38,9.44
2017-04-05,9.5,9.5,9.43,9.45
2017-04-06,9.46,9.46,9.42,9.45
2017-04-07,9.46,9.46,9.39,9.4
2017-04-10,9.4,9.43,9.39,9.39
2017-04-11,9.4,9.44,9.37,9.43
2017-04-12,9.43,9.44,9.37,9.4
2017-04-13,9.42,9.42,9.34,9.35
2017-04-17,9.35,9.36,9.32,9.35
2017-04-18,9.35,9.42,9.29,9.3
2017-04-19,9.3,9.32,9.27,9.31
2017-04-20,9.31,9.34,9.29,9.34
2017-04-21,9.35,9.37,9.28,9.31
2017-04-24,9.35,9.43,9.3,9.41
2017-04-25,9.45,9.5,9.43,9.49
2017-04-26,9.55,9.56,9.49,9.54
2017-04-27,9.6,9.6,9.52,9.53
2017-04-28,9.55,9.55,9.48,9.5
2017-05-02,9.51,9.55,9.47,9.5
2017-05-03,9.52,9.57,9.49,9.5
2017-05-04,9.53,9.57,9.52,9.56
2017-05-05,9.57,9.57,9.48,9.49
2017-05-08,9.55,9.55,9.5,9.5
2017-05-09,9.55,9.55,9.5,9.51
2017-05-10,9.53,9.61,9.53,9.6
2017-05-11,9.63,9.65,9.6,9.61
2017-05-12,9.65,9.65,9.57,9.59
2017-05-15,9.62,9.64,9.61,9.63
2017-05-16,9.65,9.71,9.63,9.71
2017-05-17,9.74,9.74,9.67,9.72
2017-05-18,9.7,9.7,9.61,9.62
2017-05-19,9.65,9.71,9.59,9.63
2017-05-22,9.65,9.69,9.62,9.64
2017-05-23,9.66,9.66,9.56,9.58
2017-05-24,9.61,9.63,9.53,9.55
2017-05-25,9.6,9.72,9.56,9.7
2017-05-26,9.73,9.8,9.69,9.79
2017-05-29,9.77,9.84,9.75,9.8
2017-05-30,9.82,9.84,9.78,9.82
2017-05-31,9.85,9.85,9.81,9.82
2017-06-01,9.84,9.84,9.8,9.82
2017-06-02,9.87,9.87,9.84,9.86
2017-06-05,9.89,9.91,9.86,9.89
2017-06-06,9.94,9.94,9.85,9.86
2017-06-07,9.87,9.9,9.85,9.88
2017-06-08,9.89,9.9,9.87,9.87
2017-06-09,9.86,9.9,9.83,9.9
2017-06-12,9.89,9.89,9.79,9.83
2017-06-13,9.85,9.88,9.83,9.84
2017-06-14,9.87,9.87,9.8,9.84
2017-06-15,9.83,9.84,9.79,9.8
2017-06-16,9.81,9.83,9.8,9.81
2017-06-19,9.83,9.9,9.83,9.88
2017-06-20,9.9,9.9,9.87,9.89
2017-06-21,9.89,9.89,9.83,9.86
2017-06-22,9.87,9.94,9.84,9.85
2017-06-23,9.86,9.86,9.8,9.8
2017-06-27,9.84,9.84,9.7,9.73
2017-06-28,9.75,9.75,9.7,9.73
2017-06-29,9.75,9.81,9.72,9.74
2017-06-30,9.73,9.77,9.68,9.76
2017-07-03,9.77,9.86,9.76,9.84
2017-07-04,9.85,9.88,9.83,9.85
2017-07-05,9.85,9.89,9.84,9.88
2017-07-06,9.91,9.95,9.87,9.92
2017-07-07,9.9,9.93,9.89,9.9
2017-07-10,9.9,10.02,9.89,10.0
2017-07-11,10.05,10.07,9.96,10.04
2017-07-12,10.05,10.07,10.01,10.06
2017-07-13,9.95,10.15,9.93,10.14
2017-07-14,10.15,10.15,10.11,10.12
2017-07-17,10.15,10.19,10.13,10.17
2017-07-18,10.16,10.16,10.08,10.1
2017-07-19,10.13,10.17,10.1,10.16
2017-07-20,10.16,10.19,10.13,10.15
2017-07-21,10.15,10.19,10.1,10.18
2017-07-24,10.17,10.25,10.13,10.24
2017-07-25,10.26,10.28,10.2,10.25
2017-07-26,10.26,10.3,10.23,10.29
2017-07-27,10.3,10.39,10.29,10.3
2017-07-28,10.27,10.29,10.22,10.28
2017-07-31,10.3,10.35,10.27,10.34
2017-08-01,10.24,10.39,10.0,10.37
2017-08-02,10.41,10.44,10.36,10.38
2017-08-03,10.37,10.37,10.29,10.31
2017-08-04,10.31,10.39,10.29,10.37
2017-08-07,10.4,10.4,10.34,10.35
2017-08-08,10.38,10.38,10.24,10.29
2017-08-09,10.33,10.33,10.2,10.21
2017-08-10,10.2,10.2,10.02,10.07
2017-08-11,10.03,10.04,9.66,9.98
2017-08-14,9.98,10.1,9.98,10.09
2017-08-16,10.11,10.21,10.05,10.21
2017-08-17,10.23,10.25,10.19,10.22
2017-08-18,10.13,10.17,10.1,10.16
2017-08-21,10.19,10.19,10.04,10.06
2017-08-22,10.1,10.11,10.04,10.07
2017-08-23,10.1,10.16,10.09,10.15
2017-08-24,10.2,10.2,10.15,10.18
2017-08-28,10.22,10.24,10.18,10.23
2017-08-29,10.22,10.22,10.09,10.11
2017-08-30,10.15,10.22,10.14,10.19
2017-08-31,10.19,10.22,10.16,10.22
2017-09-01,10.22,10.29,10.21,10.29
2017-09-04,10.29,10.29,10.15,10.21
2017-09-05,10.24,10.26,10.19,10.25
2017-09-06,10.24,10.24,10.17,10.21
2017-09-07,10.25,10.26,10.22,10.24
2017-09-08,10.27,10.27,10.21,10.23
2017-09-11,10.27,10.33,10.26,10.31
2017-09-12,10.35,10.39,10.32,10.38
2017-09-13,10.41,10.41,10.34,10.36
2017-09-14,10.37,10.41,10.36,10.38
2017-09-15,10.38,10.4,10.33,10.38
2017-09-18,10.42,10.47,10.38,10.45
2017-09-19,10.45,10.46,10.42,10.45
2017-09-20,10.44,10.46,10.44,10.44
2017-09-21,10.5,10.5,10.34,10.4
2017-09-22,10.37,10.37,10.24,10.26
2017-09-25,10.35,10.35,10.12,10.17
2017-09-26,10.18,10.19,10.1,10.14
2017-09-27,10.22,10.23,10.02,10.06
2017-09-28,10.13,10.14,10.0,10.1
2017-09-29,10.2,10.2,10.08,10.1
2017-10-03,10.28,10.28,10.12,10.15
2017-10-04,10.2,10.22,10.13,10.21
2017-10-05,10.24,10.24,10.17,10.19
2017-10-06,10.21,10.32,10.2,10.31
2017-10-09,10.49,10.49,10.27,10.31
2017-10-10,10.35,10.35,10.3,10.32
2017-10-11,10.36,10.36,10.26,10.28
2017-10-12,10.3,10.4,10.28,10.39
2017-10-13,10.4,10.53,10.4,10.5
2017-10-16,10.53,10.57,10.5,10.56
2017-10-17,10.52,10.58,10.52,10.55
2017-10-18,10.54,10.56,10.5,10.54
2017-10-19,10.55,10.55,10.42,10.47
2017-10-23,10.46,10.53,10.44,10.52
2017-10-24,10.55,10.55,10.47,10.49
2017-10-25,10.6,10.63,10.55,10.59
2017-10-26,10.61,10.65,10.58,10.64
2017-10-27,10.68,10.68,10.6,10.62
2017-10-30,10.65,10.71,10.62,10.69
2017-10-31,10.75,10.75,10.63,10.65
2017-11-01,10.7,10.76,10.69,10.75
2017-11-02,10.72,10.76,10.72,10.74
2017-11-03,10.75,10.78,10.62,10.77
2017-11-06,10.79,10.8,10.73,10.77
2017-11-07,10.81,10.81,10.67,10.69
2017-11-08,10.73,10.73,10.62,10.63
2017-11-09,10.69,10.7,10.58,10.62
2017-11-10,10.6,10.67,10.58,10.63
2017-11-13,10.68,10.68,10.55,10.56
2017-11-14,10.6,10.6,10.5,10.52
2017-11-15,10.56,10.56,10.43,10.45
2017-11-16,10.48,10.55,10.44,10.52
2017-11-17,10.55,10.66,10.55,10.59
2017-11-20,10.65,10.65,10.56,10.62
2017-11-21,10.65,10.67,10.62,10.64
2017-11-22,10.65,10.69,10.62,10.65
2017-11-23,10.65,10.69,10.61,10.66
2017-11-24,10.69,10.72,10.66,10.69
2017-11-27,10.67,10.72,10.65,10.7
2017-11-28,10.75,10.75,10.6,10.68
2017-11-29,10.75,10.75,10.66,10.68
2017-11-30,10.71,10.71,10.55,10.57
2017-12-01,10.67,10.68,10.44,10.46
2017-12-04,10.51,10.51,10.42,10.47
2017-12-05,10.47,10.49,10.4,10.46
2017-12-06,10.47,10.47,10.37,10.38
2017-12-07,10.4,10.52,10.38,10.51
2017-12-08,10.55,10.61,10.52,10.6
2017-12-11,10.66,10.66,10.59,10.63
2017-12-12,10.65,10.65,10.55,10.56
2017-12-13,10.57,10.62,10.49,10.52
2017-12-14,10.53,10.57,10.44,10.54
2017-12-15,10.64,10.68,10.63,10.64
2017-12-18,10.62,10.74,10.39,10.69
2017-12-19,10.75,10.79,10.7,10.78
2017-12-20,10.79,10.8,10.74,10.75
2017-12-21,10.77,10.77,10.74,10.74
2017-12-22,10.76,10.81,10.74,10.79
2017-12-26,10.84,10.85,10.78,10.83
2017-12-27,10.88,10.88,10.78,10.82
2017-12-28,10.89,10.89,10.78,10.8
2017-12-29,10.83,10.86,10.79,10.84
2018-01-01,10.85,10.86,10.75,10.78
2018-01-02,10.8,10.82,10.73,10.75
2018-01-03,10.78,10.83,10.74,10.76
2018-01-04,10.78,10.83,10.75,10.82
2018-01-05,10.87,10.88,10.82,10.87
2018-01-08,10.94,10.94,10.9,10.92
2018-01-09,10.95,10.96,10.92,10.95
2018-01-10,11.0,11.0,10.93,10.99
2018-01-11,11.0,11.02,10.91,11.0
2018-01-12,11.11,11.11,10.95,11.03
2018-01-15,11.03,11.12,11.03,11.09
2018-01-16,10.61,11.11,10.61,11.04
2018-01-17,11.03,11.12,11.0,11.1
2018-01-18,11.18,11.21,11.11,11.15
2018-01-19,11.11,11.25,11.11,11.22
2018-01-22,11.2,11.31,11.2,11.29
2018-01-23,11.32,11.43,11.31,11.42
2018-01-24,11.4,11.45,11.38,11.42
2018-01-25,11.41,11.43,11.35,11.39
2018-01-29,11.41,11.5,11.3,11.46
2018-01-30,11.45,11.46,11.37,11.37
2018-01-31,11.37,11.38,11.33,11.35
2018-02-01,11.35,11.47,11.22,11.35
2018-02-02,11.33,11.33,11.01,11.12
2018-02-05,10.99,11.05,10.94,11.03
2018-02-06,10.98,10.98,10.05,10.87
2018-02-07,10.9,10.99,10.81,10.84
2018-02-08,10.86,10.99,10.82,10.95
2018-02-09,10.78,10.85,10.75,10.82
2018-02-12,10.87,10.93,10.83,10.91
2018-02-14,10.95,10.95,10.83,10.87
2018-02-15,10.89,10.98,10.87,10.92
2018-02-16,10.97,10.99,10.81,10.83
2018-02-19,11.0,11.0,10.66,10.74
2018-02-20,10.75,10.79,10.7,10.72
2018-02-21,10.73,10.78,10.72,10.77
2018-02-22,10.73,10.77,10.71,10.75
2018-02-23,10.77,10.86,10.75,10.85
2018-02-26,10.86,10.95,10.86,10.94
2018-02-27,10.95,10.99,10.88,10.9
2018-02-28,10.84,10.9,10.82,10.87
2018-03-01,10.85,10.9,10.8,10.81
2018-03-05,10.75,10.81,10.69,10.72
2018-03-06,10.85,10.85,10.58,10.61
2018-03-07,10.6,10.61,10.22,10.51
2018-03-08,10.56,10.62,10.49,10.6
2018-03-09,10.6,10.66,10.56,10.59
2018-03-12,10.7,10.81,10.65,10.8
2018-03-13,10.76,10.85,10.74,10.79
2018-03-14,10.76,10.79,10.7,10.78
2018-03-15,10.57,10.78,10.4,10.73
2018-03-16,10.69,10.69,10.56,10.57
2018-03-19,10.58,10.6,10.45,10.48
2018-03-20,10.46,10.53,10.41,10.46
2018-03-21,10.47,10.59,10.47,10.49
2018-03-22,11.0,11.0,10.43,10.46
2018-03-23,10.39,10.4,10.3,10.37
2018-03-26,10.37,10.5,10.32,10.47
2018-03-27,10.5,10.54,10.48,10.52
2018-03-28,10.5,10.53,10.44,10.49
2018-04-02,10.5,10.61,10.48,10.58
2018-04-03,10.57,10.64,10.55,10.63
2018-04-04,10.63,10.65,10.48,10.5
2018-04-05,10.59,10.7,10.56,10.69
2018-04-06,10.68,10.71,10.64,10.69
2018-04-09,10.69,10.76,10.69,10.74
2018-04-10,10.74,10.78,10.74,10.76
2018-04-11,10.6,10.8,10.6,10.78
2018-04-12,10.78,10.85,10.76,10.84
2018-04-13,10.82,10.89,10.81,10.85
2018-04-16,10.82,10.92,10.76,10.89
2018-04-17,10.9,10.91,10.86,10.89
2018-04-18,10.95,10.95,10.85,10.87
2018-04-19,10.87,10.93,10.87,10.92
2018-04-20,10.9,10.96,10.87,10.9
2018-04-23,10.91,10.99,10.89,10.95
2018-04-24,10.94,10.99,10.93,10.98
2018-04-25,10.97,10.98,10.91,10.93
2018-04-26,10.94,11.02,10.93,10.99
2018-04-27,11.0,11.1,11.0,11.06
2018-04-30,11.09,11.15,11.07,11.12
2018-05-02,11.1,11.19,11.06,11.08
2018-05-03,11.07,11.08,11.01,11.05
2018-05-04,11.01,11.03,10.98,11.0
2018-05-07,11.05,11.1,11.0,11.07
2018-05-08,11.1,11.12,11.05,11.08
2018-05-09,11.07,11.14,11.07,11.12
2018-05-10,11.12,11.16,11.06,11.08
2018-05-11,11.1,11.17,11.08,11.16
2018-05-14,11.17,11.21,11.13,11.17
2018-05-15,11.19,11.3,11.13,11.17
2018-05-16,11.17,11.17,11.06,11.12
2018-05-17,11.13,11.14,11.03,11.06
2018-05-18,11.06,11.06,10.95,10.96
2018-05-21,10.96,11.25,10.88,10.9
2018-05-22,10.9,10.95,10.87,10.93
2018-05-23,10.89,10.92,10.77,10.79
2018-05-24,10.85,10.88,10.77,10.85
2018-05-25,10.87,11.02,10.87,10.98
2018-05-28,11.02,11.12,11.0,11.11
2018-05-29,11.11,11.11,11.0,11.04
2018-05-30,10.99,11.06,10.94,11.03
2018-05-31,11.06,11.17,11.03,11.12
2018-06-01,10.82,11.18,10.1,11.1
2018-06-04,11.18,11.18,11.0,11.01
2018-06-05,11.05,11.05,10.96,11.02
2018-06-06,11.02,11.11,10.98,11.1
2018-06-07,11.12,11.21,11.1,11.18
2018-06-08,11.14,11.2,11.11,11.19
2018-06-11,11.21,11.27,11.18,11.23
2018-06-12,11.21,11.28,11.19,11.26
2018-06-13,11.26,11.3,11.24,11.26
2018-06-14,11.22,11.25,11.19,11.22
2018-06-15,11.21,11.27,11.18,11.25
2018-06-18,11.24,11.25,11.21,11.24
2018-06-19,11.18,11.21,11.14,11.15
2018-06-20,11.1,11.22,9.11,11.2
2018-06-21,11.18,11.23,11.14,11.15
2018-06-22,11.17,11.27,11.15,11.25
2018-06-25,11.3,11.3,11.16,11.18
2018-06-26,11.17,11.23,11.16,11.21
2018-06-27,11.17,11.22,11.06,11.08
2018-06-28,11.1,11.12,10.97,11.01
2018-06-29,11.05,11.13,11.02,11.12
2018-07-02,11.25,11.25,11.05,11.1
2018-07-03,11.09,11.16,11.07,11.14
2018-07-04,11.15,11.2,11.1,11.19
2018-07-05,11.25,11.25,11.18,11.19
2018-07-06,11.19,11.26,11.19,11.23
2018-07-09,11.3,11.3,11.25,11.29
2018-07-10,11.3,11.38,11.3,11.37
2018-07-11,11.37,11.39,11.34,11.37
2018-07-12,11.4,11.5,11.4,11.45
2018-07-13,11.5,11.5,11.43,11.46
2018-07-16,11.5,11.5,11.39,11.4
2018-07-17,11.39,11.47,11.38,11.45
2018-07-18,11.48,11.5,11.4,11.41
2018-07-19,11.41,11.45,11.38,11.41
2018-07-20,11.41,11.51,11.39,11.49
2018-07-23,11.5,11.55,11.37,11.53
2018-07-24,11.6,11.65,11.52,11.57
2018-07-25,11.59,11.61,11.56,11.59
2018-07-26,11.59,11.66,11.57,11.62
2018-07-27,11.62,11.74,11.62,11.73
2018-07-30,11.75,11.8,11.72,11.77
2018-07-31,11.81,11.85,11.74,11.82
2018-08-01,11.82,11.87,11.78,11.81
2018-08-02,11.75,11.8,11.73,11.74
2018-08-03,11.78,11.87,11.76,11.86
2018-08-06,11.9,11.9,11.84,11.87
2018-08-07,11.9,11.9,11.8,11.87
2018-08-08,11.91,11.94,11.85,11.92
2018-08-09,11.93,11.96,11.92,11.93
2018-08-10,11.92,11.93,11.87,11.9
2018-08-13,11.93,11.93,11.8,11.82
2018-08-14,11.7,11.93,11.7,11.91
2018-08-16,11.9,11.94,11.86,11.88
2018-08-17,11.9,11.99,11.88,11.98
2018-08-20,12.0,12.05,11.95,12.03
2018-08-21,12.04,12.08,12.02,12.07
2018-08-23,12.05,12.11,12.05,12.08
2018-08-24,12.08,12.1,12.02,12.06
2018-08-27,12.11,12.19,12.09,12.18
2018-08-28,12.12,12.26,12.1,12.22
2018-08-29,12.23,12.25,12.15,12.2
2018-08-30,12.44,12.5,12.13,12.17
2018-08-31,12.17,12.23,12.15,12.19
2018-09-03,12.25,12.25,12.04,12.08
2018-09-04,12.15,12.15,12.0,12.04
2018-09-05,12.03,12.04,11.9,11.99
2018-09-06,11.99,12.05,11.94,12.03
2018-09-07,11.95,12.12,11.95,12.11
2018-09-10,12.1,12.1,11.96,11.96
2018-09-11,12.11,12.11,11.77,11.79
2018-09-12,11.79,11.89,11.74,11.87
2018-09-14,11.95,12.35,11.89,12.0
2018-09-17,12.01,12.01,11.88,11.9
2018-09-18,12.5,12.5,11.76,11.8
2018-09-19,12.24,12.24,11.73,11.76
2018-09-21,12.0,12.23,11.33,11.65
2018-09-24,11.66,11.75,11.44,11.48
2018-09-25,11.55,11.6,11.38,11.58
2018-09-26,11.7,11.7,11.5,11.56
2018-09-27,11.56,11.59,11.46,11.46
2018-09-28,11.45,11.54,11.35,11.41
2018-10-01,11.41,11.53,11.32,11.5
2018-10-03,11.48,11.49,11.35,11.36
2018-10-04,11.34,11.34,11.04,11.08
2018-10-05,10.5,11.07,9.9,10.8
2018-10-08,10.8,10.89,10.67,10.81
2018-10-09,10.0,10.87,10.0,10.78
2018-10-10,10.84,10.96,10.79,10.95
2018-10-11,10.89,10.9,10.6,10.7
2018-10-12,10.75,10.97,10.75,10.96
2018-10-15,10.2,11.02,10.2,11.0
2018-10-16,11.03,11.07,11.0,11.06
2018-10-17,11.13,11.19,10.9,10.93
2018-10-19,10.94,10.94,10.72,10.74
2018-10-22,10.8,10.84,10.7,10.72
2018-10-23,10.72,10.72,10.58,10.62
2018-10-24,10.84,11.0,10.6,10.7
2018-10-25,10.67,10.67,10.56,10.61
2018-10-26,10.62,10.62,10.48,10.5
2018-10-29,10.61,10.75,10.48,10.72
2018-10-30,10.62,10.77,10.62,10.69
2018-10-31,10.69,10.86,10.58,10.85
2018-11-01,10.86,10.9,10.81,10.86
2018-11-02,10.98,11.06,10.91,11.02
2018-11-05,11.24,11.46,10.95,11.01
2018-11-06,11.05,11.09,10.99,11.02
2018-11-07,11.18,11.4,11.01,11.1
2018-11-09,11.08,11.12,11.05,11.08
2018-11-12,11.09,11.15,10.94,10.98
2018-11-13,10.95,11.09,10.92,11.08
2018-11-14,11.1,11.14,11.0,11.04
2018-11-15,11.15,11.15,11.03,11.08
2018-11-16,11.09,11.17,11.09,11.15
2018-11-19,11.15,11.24,11.15,11.22
2018-11-20,11.19,11.22,11.14,11.15
2018-11-21,11.15,11.18,11.05,11.07
2018-11-22,11.1,11.12,11.01,11.03
2018-11-26,11.1,11.14,10.99,11.13
2018-11-27,11.1,11.18,11.08,11.16
2018-11-28,11.16,11.22,11.16,11.2
2018-11-29,11.24,11.37,11.24,11.36
2018-11-30,11.36,11.4,11.31,11.35
2018-12-03,11.38,11.42,10.47,11.38
2018-12-04,11.36,11.38,11.32,11.36
2018-12-05,11.33,11.33,11.24,11.26
2018-12-06,11.22,11.22,11.07,11.1
2018-12-07,11.12,11.21,10.7,11.19
2018-12-10,11.18,11.18,10.97,10.99
2018-12-11,10.9,11.08,10.82,11.06
2018-12-12,11.07,11.24,11.05,11.22
2018-12-13,11.25,11.31,11.21,11.25
2018-12-14,11.28,11.28,11.2,11.27
2018-12-17,11.27,11.38,11.27,11.36
2018-12-18,11.34,11.42,11.29,11.39
2018-12-19,10.6,11.5,10.6,11.45
2018-12-20,11.42,11.49,11.38,11.45
2018-12-21,11.4,11.5,10.75,11.26
2018-12-24,11.3,11.3,11.16,11.18
2018-12-26,11.88,11.88,11.03,11.24
2018-12-27,11.28,11.35,11.28,11.3
2018-12-28,11.3,11.39,11.3,11.36
2018-12-31,11.34,11.41,11.34,11.37
2019-01-01,11.37,11.41,11.3,11.4
2019-01-02,11.37,11.39,11.24,11.3
2019-01-03,11.29,11.32,11.17,11.18
2019-01-04,11.18,11.26,11.14,11.25
2019-01-07,11.28,11.36,11.24,11.26
2019-01-08,11.25,11.31,11.23,11.29
2019-01-09,11.35,11.35,11.23,11.33
2019-01-10,11.36,11.36,11.29,11.32
2019-01-11,11.28,11.34,11.22,11.27
2019-01-14,11.29,11.29,11.19,11.22
2019-01-15,11.26,11.37,11.25,11.36
2019-01-16,11.36,11.42,11.34,11.41
2019-01-17,11.42,11.44,11.36,11.41
2019-01-18,11.41,11.42,11.34,11.38
2019-01-21,11.38,11.47,11.38,11.45
2019-01-22,11.45,11.45,11.37,11.41
2019-01-23,11.4,11.45,11.31,11.33
2019-01-24,11.33,11.37,11.29,11.35
2019-01-25,11.35,11.43,11.25,11.29
2019-01-28,11.29,11.32,11.15,11.18
2019-01-29,11.21,11.36,11.1,11.18
2019-01-30,11.2,11.21,11.12,11.16
2019-01-31,11.1,11.36,11.09,11.35
2019-02-01,11.1,11.47,11.03,11.39
2019-02-04,11.39,11.44,11.31,11.43
2019-02-05,11.43,11.49,11.38,11.47
2019-02-06,11.47,11.61,11.46,11.54
2019-02-07,11.55,11.63,11.55,11.57
2019-02-08,11.55,11.56,11.42,11.46
2019-02-11,11.45,11.45,11.38,11.42
2019-02-12,11.42,11.44,11.35,11.36
2019-02-14,11.33,11.33,11.25,11.29
2019-02-15,11.3,11.3,11.13,11.22
2019-02-18,11.18,11.25,11.15,11.17
2019-02-19,11.24,11.26,11.12,11.14
2019-02-20,11.18,11.24,11.15,11.23
2019-02-21,11.22,11.3,11.21,11.28
2019-02-22,11.3,11.3,11.24,11.29
2019-02-25,11.3,11.38,11.3,11.37
2019-02-26,11.3,11.42,11.26,11.36
2019-02-27,11.37,11.44,11.25,11.29
2019-02-28,11.32,11.39,11.3,11.34
2019-03-01,11.34,11.42,11.34,11.37
2019-03-05,11.3,11.5,11.22,11.49
2019-03-06,11.48,11.57,11.48,11.56
2019-03-07,11.6,11.61,11.53,11.58
2019-03-08,11.55,11.6,11.52,11.58
2019-03-11,11.62,11.73,11.59,11.72
2019-03-12,11.7,11.86,11.7,11.85
2019-03-13,11.83,11.9,11.81,11.88
2019-03-14,11.9,11.92,11.85,11.87
2019-03-15,11.87,12.03,11.87,11.99
2019-03-18,12.1,12.48,11.95,12.0
2019-03-19,11.99,12.11,11.98,12.07
2019-03-20,12.07,12.13,12.04,12.07
2019-03-22,12.07,12.15,11.98,12.0
2019-03-25,11.82,11.95,11.82,11.88
2019-03-26,12.4,12.4,11.9,12.04
2019-03-27,12.0,12.1,11.99,12.01
2019-03-28,12.01,12.15,12.01,12.1
2019-04-01,12.24,12.33,12.18,12.21
2019-04-02,12.03,12.27,12.03,12.25
2019-04-03,12.26,12.33,12.2,12.21
2019-04-04,12.23,12.23,12.15,12.18
2019-04-05,12.35,12.65,12.15,12.25
2019-04-08,12.25,12.28,12.13,12.2
2019-04-09,12.2,12.27,12.13,12.24
2019-04-10,12.24,12.27,12.15,12.17
2019-04-11,12.42,12.42,12.14,12.17
2019-04-12,12.19,12.25,12.16,12.24
2019-04-15,12.15,12.29,12.0,12.29
2019-04-16,12.3,12.41,12.28,12.38
2019-04-18,12.4,12.42,12.32,12.35
2019-04-22,12.32,12.32,12.16,12.19
2019-04-23,12.19,12.23,12.16,12.17
2019-04-24,12.18,12.32,12.12,12.29
2019-04-25,12.29,12.39,12.22,12.24
2019-04-26,12.28,12.35,12.25,12.34
2019-04-30,12.48,12.48,12.24,12.34
2019-05-02,12.36,12.38,12.29,12.32
2019-05-03,12.41,12.48,12.29,12.3
2019-05-06,12.43,12.49,12.15,12.18
2019-05-07,12.3,12.3,12.07,12.09
2019-05-08,12.22,12.26,11.93,11.95
2019-05-09,12.18,12.18,11.82,11.85
2019-05-10,11.87,11.93,11.83,11.85
2019-05-13,11.99,11.99,11.7,11.72
2019-05-14,11.75,11.88,11.67,11.79
2019-05-15,11.79,11.87,11.72,11.75
2019-05-16,11.75,11.85,11.71,11.81
2019-05-17,11.81,11.97,11.81,11.96
2019-05-20,12.24,12.43,12.05,12.39
2019-05-21,12.44,12.47,12.28,12.31
2019-05-22,12.45,12.45,12.27,12.33
2019-05-23,12.48,12.63,12.21,12.26
2019-05-24,12.27,12.47,12.25,12.46
2019-05-27,12.5,12.53,12.4,12.5
2019-05-28,12.53,12.56,12.45,12.52
2019-05-29,12.47,12.54,12.43,12.48
2019-05-30,12.5,12.58,12.44,12.55
2019-05-31,12.55,12.65,12.47,12.52
2019-06-03,12.6,12.7,12.48,12.68
2019-06-04,12.68,12.79,12.62,12.66
2019-06-06,12.66,12.66,12.46,12.47
2019-06-07,12.48,12.52,12.36,12.49
2019-06-10,12.53,12.59,12.49,12.57
2019-06-11,12.6,12.65,12.5,12.56
2019-06-12,12.61,12.61,12.49,12.51
2019-06-13,12.54,12.55,12.46,12.54
2019-06-14,12.5,12.52,12.43,12.45
2019-06-17,12.51,12.51,12.28,12.31
2019-06-18,12.32,12.36,12.26,12.31
2019-06-19,12.35,12.41,12.25,12.3
2019-06-20,12.3,12.46,12.25,12.45
2019-06-21,12.44,12.44,12.35,12.37
2019-06-24,12.5,12.75,12.31,12.34
2019-06-25,12.42,12.5,12.29,12.41
2019-06-26,12.48,12.48,12.36,12.47
2019-06-27,12.5,12.55,12.45,12.48
2019-06-28,12.56,12.56,12.4,12.43
2019-07-01,12.5,12.52,12.45,12.49
2019-07-02,12.56,12.56,12.42,12.53
2019-07-03,12.5,12.56,12.5,12.55
2019-07-04,12.6,12.62,12.51,12.6
2019-07-05,12.62,12.68,12.44,12.46
2019-07-08,12.55,12.55,12.16,12.19
2019-07-09,12.39,12.39,12.1,12.18
2019-07-10,12.25,12.26,12.11,12.14
2019-07-11,12.23,12.23,12.15,12.22
2019-07-12,12.24,12.27,12.16,12.2
2019-07-15,12.25,12.25,12.17,12.22
2019-07-16,12.3,12.31,12.19,12.3
2019-07-17,12.36,12.37,12.27,12.33
2019-07-18,12.32,12.33,12.23,12.26
2019-07-19,12.6,12.6,12.06,12.07
2019-07-22,12.22,12.22,11.95,11.99
2019-07-23,12.05,12.07,11.94,11.97
2019-07-24,12.19,12.19,11.87,11.91
2019-07-25,12.25,12.25,11.88,11.9
2019-07-26,11.97,11.97,11.85,11.93
2019-07-29,11.95,11.95,11.8,11.84
2019-07-30,11.84,11.9,11.71,11.72
2019-07-31,11.73,11.78,11.44,11.76
2019-08-01,11.75,11.76,11.51,11.63
2019-08-02,11.6,11.71,11.49,11.63
2019-08-05,11.61,11.61,11.42,11.52
2019-08-06,11.5,11.65,11.43,11.59
2019-08-07,11.79,11.79,11.47,11.49
2019-08-08,11.59,11.74,11.48,11.69
2019-08-09,11.8,11.83,11.7,11.76
2019-08-13,11.82,11.83,11.55,11.58
2019-08-14,11.65,11.73,11.57,11.67
2019-08-16,11.7,11.77,11.58,11.7
2019-08-19,11.8,11.8,11.69,11.71
2019-08-20,11.74,11.74,11.63,11.67
2019-08-21,11.7,11.74,11.55,11.57
2019-08-22,11.63,11.63,11.37,11.39
2019-08-23,11.41,11.51,11.28,11.47
2019-08-26,11.69,11.8,11.4,11.71
2019-08-27,11.72,11.8,11.67,11.75
2019-08-28,11.78,11.78,11.64,11.69
2019-08-29,11.7,11.72,11.5,11.61
2019-08-30,11.69,11.69,11.51,11.66
2019-09-03,11.65,11.65,11.42,11.45
2019-09-04,11.6,11.6,11.4,11.49
2019-09-05,11.49,11.57,11.43,11.5
2019-09-06,11.55,11.62,11.5,11.6
2019-09-09,11.65,11.68,11.52,11.64
2019-09-11,11.7,11.71,11.5,11.68
2019-09-12,11.74,11.74,11.62,11.64
2019-09-13,11.69,11.74,11.6,11.73
2019-09-16,11.72,11.72,11.59,11.64
2019-09-17,11.7,11.7,11.44,11.47
2019-09-18,11.47,11.53,11.46,11.48
2019-09-19,11.49,11.49,11.31,11.35
2019-09-20,11.42,12.06,11.32,11.95
2019-09-23,12.05,12.37,12.05,12.3
2019-09-24,12.3,12.42,12.22,12.27
2019-09-25,12.33,12.33,12.11,12.14
2019-09-26,12.17,12.29,12.14,12.28
2019-09-27,12.28,12.38,12.16,12.21
2019-09-30,12.24,12.24,12.08,12.16
2019-10-01,12.18,12.24,11.92,12.05
2019-10-03,12.12,12.12,11.94,11.98
2019-10-04,12.08,12.08,11.8,11.82
2019-10-07,11.86,12.6,11.74,11.76
2019-10-09,11.83,11.96,11.7,11.94
2019-10-10,11.92,11.93,11.8,11.85
2019-10-11,11.89,11.99,11.84,11.97
2019-10-14,12.0,12.06,11.94,11.99
2019-10-15,12.08,12.12,11.95,12.09
2019-10-16,12.13,12.15,12.07,12.09
2019-10-17,12.11,12.28,12.08,12.25
2019-10-18,12.28,12.37,12.22,12.35
2019-10-22,12.2,12.37,12.01,12.3
2019-10-23,12.35,12.35,12.22,12.3
2019-10-24,12.35,12.35,12.22,12.27
2019-10-25,12.38,12.38,12.16,12.25
2019-10-27,12.4,12.4,12.29,12.34
2019-10-29,12.39,12.48,12.3,12.47
2019-10-30,12.5,12.56,12.47,12.53
2019-10-31,12.65,12.65,12.54,12.55
2019-11-01,12.54,12.64,12.52,12.61
2019-11-04,12.65,12.67,12.59,12.63
2019-11-05,12.66,12.66,12.57,12.61
2019-11-06,12.64,12.69,12.55,12.65
2019-11-07,12.65,12.89,12.63,12.7
2019-11-08,12.67,12.75,12.59,12.61
2019-11-11,12.62,12.66,12.55,12.65
2019-11-13,12.7,12.7,12.55,12.57
2019-11-14,12.62,12.62,12.5,12.55
2019-11-15,12.6,12.67,12.57,12.6
2019-11-18,12.66,12.66,12.57,12.57
2019-11-19,12.65,12.67,12.57,12.64
2019-11-20,12.69,12.74,12.65,12.68
2019-11-21,12.77,12.77,12.65,12.66
2019-11-22,12.67,12.67,12.58,12.64
2019-11-25,12.71,12.79,12.62,12.77
2019-11-26,12.95,12.95,12.73,12.75
2019-11-27,12.78,12.82,12.77,12.79
2019-11-28,12.78,12.85,12.78,12.84
2019-11-29,12.86,12.86,12.71,12.75
2019-12-02,12.75,12.94,12.74,12.76
2019-12-03,12.82,12.82,12.68,12.7
2019-12-04,12.73,12.76,12.65,12.75
2019-12-05,12.7,12.81,12.67,12.72
2019-12-06,12.76,12.76,12.61,12.62
2019-12-09,12.72,12.72,12.58,12.63
2019-12-10,12.63,12.66,12.56,12.58
2019-12-11,12.64,12.65,12.55,12.62
2019-12-12,12.55,12.73,12.55,12.71
2019-12-13,12.71,12.8,12.71,12.79
2019-12-16,12.85,12.85,12.74,12.75
2019-12-17,12.83,12.88,12.75,12.86
2019-12-18,12.9,12.94,12.82,12.93
2019-12-19,12.92,13.03,12.9,13.02
2019-12-20,13.49,13.49,12.98,13.03
2019-12-23,131.2,131.25,129.28,129.93
2019-12-24,130.85,130.85,129.22,129.45
2019-12-26,130.35,130.35,128.51,128.69
2019-12-27,128.69,130.65,128.3,129.56
2019-12-30,130.45,130.5,129.19,130.26
2019-12-31,130.21,130.26,129.02,129.15
2020-01-01,128.95,131.0,128.95,129.42
2020-01-02,132.0,134.6,129.4,130.14
2020-01-03,129.07,130.85,129.07,129.71
2020-01-06,129.4,129.47,127.11,127.37
2020-01-07,127.95,128.7,127.31,127.76
2020-01-08,126.59,127.75,126.5,127.56
2020-01-09,128.95,129.55,128.35,129.34
2020-01-10,129.95,130.2,129.3,129.61
2020-01-13,127.0,130.5,124.4,130.41
2020-01-14,130.75,131.23,129.8,131.01
2020-01-15,131.4,131.45,130.0,131.01
2020-01-16,131.45,131.5,130.0,130.91
2020-01-17,131.45,131.45,130.5,131.19
2020-01-20,131.21,131.5,129.7,129.78
2020-01-21,130.35,130.35,129.05,129.27
2020-01-22,131.45,131.45,128.22,128.53
2020-01-23,129.45,129.45,128.2,129.31
2020-01-24,129.26,130.3,128.75,130.11
2020-01-27,129.0,130.0,128.55,128.73
2020-01-28,130.66,130.66,127.6,128.1
2020-01-29,128.75,129.2,128.05,128.76
2020-01-30,128.95,129.0,127.5,127.74
2020-01-31,127.95,128.43,126.9,127.17
2020-02-03,124.76,126.0,123.5,124.42
2020-02-04,125.25,126.93,124.05,126.75
2020-02-05,126.1,128.1,126.1,127.91
2020-02-06,127.86,129.05,127.55,128.94
2020-02-07,129.15,129.15,127.74,128.19
2020-02-10,129.85,129.85,127.31,127.91
2020-02-11,128.05,129.95,128.05,128.3
2020-02-12,128.85,129.35,128.6,129.19
2020-02-13,129.54,129.54,128.5,129.3
2020-02-14,129.54,129.69,128.09,128.38
2020-02-17,128.92,129.0,127.7,127.84
2020-02-18,126.95,128.5,126.55,127.34
2020-02-19,127.95,128.7,127.0,128.59
2020-02-20,128.55,128.8,128.0,128.36
2020-02-24,128.41,128.41,125.5,125.73
2020-02-25,126.35,126.4,125.11,125.34
2020-02-26,125.39,125.39,123.8,124.04
2020-02-27,123.55,124.49,122.54,123.64
2020-02-28,121.65,122.94,119.11,119.29
2020-03-02,122.05,122.05,117.21,118.39
2020-03-03,119.44,121.01,118.55,120.4
2020-03-04,121.4,121.4,117.91,119.52
2020-03-05,142.95,142.95,118.6,119.75
2020-03-06,118.49,118.49,115.6,117.18
2020-03-09,116.49,116.49,109.74,111.62
2020-03-11,111.49,112.5,110.2,111.31
2020-03-12,110.0,110.0,101.05,102.99
2020-03-13,91.26,120.85,91.26,106.36
2020-03-16,107.49,107.49,100.0,102.37
2020-03-17,102.55,105.0,97.25,99.2
2020-03-18,100.9,102.8,92.2,96.08
2020-03-19,94.5,94.5,87.0,89.47
2020-03-20,99.88,99.88,88.0,92.97
2020-03-23,87.0,94.83,81.0,83.52
2020-03-24,86.0,90.0,83.07,85.0
2020-03-25,85.0,90.0,84.0,89.46
2020-03-26,92.0,94.8,84.0,92.68
2020-03-27,93.0,96.4,90.87,91.26
2020-03-30,90.0,92.5,88.65,89.17
2020-03-31,90.0,92.65,89.7,91.94
2020-04-01,91.94,91.94,89.0,89.35
2020-04-03,90.0,91.2,86.35,86.59
2020-04-07,90.0,92.8,88.25,92.41
2020-04-08,91.0,98.0,90.65,92.82
2020-04-09,93.95,96.5,93.4,96.23
2020-04-13,96.95,96.95,94.08,95.62
2020-04-15,97.0,97.9,94.55,95.2
2020-04-16,96.0,96.0,94.0,95.68
2020-04-17,98.0,98.7,96.4,98.21
2020-04-20,100.1,100.96,97.8,97.99
2020-04-21,91.1,105.99,91.1,95.6
2020-04-22,102.0,102.0,94.05,97.38
2020-04-23,96.28,98.85,96.28,98.62
2020-04-24,97.1,98.14,96.1,97.1
2020-04-27,97.15,99.05,97.1,98.43
2020-04-28,100.1,100.1,98.3,99.35
2020-04-29,100.0,101.7,99.4,101.12
2020-04-30,102.0,104.69,101.61,104.18
2020-05-04,104.18,104.21,98.12,98.8
2020-05-05,95.8,102.5,92.9,97.65
2020-05-06,98.5,99.0,96.76,98.5
2020-05-07,98.05,99.0,97.1,97.6
2020-05-08,98.49,99.36,98.0,98.12
2020-05-11,98.99,99.97,98.01,98.21
2020-05-12,98.19,98.85,96.21,97.96
2020-05-13,95.9,106.8,95.9,99.69
2020-05-14,97.7,99.39,97.11,97.42
2020-05-15,97.5,98.9,96.37,97.08
2020-05-18,97.85,97.9,93.75,93.93
2020-05-19,95.01,95.99,94.2,94.34
2020-05-20,95.65,96.79,94.02,96.25
2020-05-21,97.45,97.46,95.5,96.69
2020-05-22,99.0,99.0,94.8,96.11
2020-05-26,98.0,98.0,84.6,96.21
2020-05-27,96.95,98.79,95.52,98.6
2020-05-28,98.95,100.7,98.7,100.37
2020-05-29,99.9,101.76,98.8,101.38
2020-06-01,102.0,105.28,102.0,104.42
2020-06-02,102.0,106.0,95.0,105.89
2020-06-03,106.88,107.84,106.11,106.36
2020-06-04,106.36,107.17,105.1,106.27
2020-06-05,106.27,107.95,106.25,107.66
2020-06-08,108.5,109.45,107.67,108.1
2020-06-09,109.0,109.1,106.6,106.85
2020-06-10,107.4,107.9,104.21,107.52
2020-06-11,107.05,107.88,105.11,105.3
2020-06-12,103.87,105.91,102.2,105.72
2020-06-15,105.65,105.72,103.39,104.51
2020-06-16,106.25,106.87,103.37,105.21
2020-06-17,104.93,106.0,104.32,104.92
2020-06-18,105.38,107.2,104.1,106.97
2020-06-19,107.8,109.0,106.1,108.79
2020-06-22,109.8,110.29,108.71,109.56
2020-06-23,110.0,111.28,109.25,111.0
2020-06-24,111.0,111.91,109.22,109.53
2020-06-25,109.0,109.95,108.01,109.05
2020-06-26,109.58,110.6,109.33,110.24
2020-06-29,110.24,111.1,108.72,109.74
2020-06-30,110.95,110.95,109.25,109.52
2020-07-01,110.92,111.2,108.75,111.04
2020-07-02,111.11,112.47,111.11,112.1
2020-07-03,112.65,112.89,112.14,112.51
2020-07-06,113.88,114.56,112.8,114.28
2020-07-07,114.28,114.97,113.43,114.65
2020-07-08,114.65,115.2,113.6,113.85
2020-07-09,113.85,115.2,113.85,115.07
2020-07-10,114.1,115.07,113.86,114.38
2020-07-13,117.0,117.0,114.26,114.86
2020-07-14,114.79,115.1,112.4,112.93
2020-07-15,113.99,114.99,112.61,112.97
2020-07-16,113.99,114.24,112.53,114.08
2020-07-17,114.9,116.17,114.15,115.81
2020-07-20,116.1,118.0,116.05,117.06
2020-07-21,117.16,118.73,116.8,118.54
2020-07-22,119.0,119.2,117.35,118.11
2020-07-23,118.98,119.2,117.11,119.08
2020-07-24,118.3,119.3,117.71,118.99
2020-07-27,118.99,119.95,118.0,118.39
2020-07-28,119.25,120.19,117.7,120.02
2020-07-29,135.6,135.6,118.8,119.26
2020-07-30,120.45,120.45,117.79,117.96
2020-07-31,116.01,118.6,116.01,118.02
2020-08-03,118.02,119.5,116.05,116.17
2020-08-04,116.3,118.15,116.25,118.0
2020-08-05,118.02,119.24,117.64,118.03
2020-08-06,118.95,119.68,118.18,119.02
2020-08-07,119.6,119.65,118.16,119.35
2020-08-10,119.1,120.39,119.1,119.97
2020-08-11,120.9,120.98,120.05,120.44
2020-08-12,120.25,120.75,119.27,120.33
2020-08-13,121.27,121.44,119.91,120.49
2020-08-14,121.0,121.27,118.33,119.26
2020-08-17,120.45,120.9,119.0,119.88
2020-08-18,120.15,121.07,119.3,120.97
2020-08-19,122.5,122.5,121.0,121.13
2020-08-20,120.45,120.82,119.33,120.42
2020-08-21,121.99,121.99,120.5,121.11
2020-08-24,122.49,139.3,121.11,122.0
2020-08-25,122.98,124.99,121.36,121.93
2020-08-26,135.0,135.0,121.8,122.75
2020-08-27,139.0,139.0,122.55,122.91
2020-08-28,129.0,129.0,122.9,124.04
2020-08-31,139.0,139.0,120.45,121.03
2020-09-01,134.88,134.88,120.0,122.15
2020-09-02,125.0,125.0,121.56,122.75
2020-09-03,129.88,129.88,122.11,122.73
2020-09-04,121.25,122.05,102.26,121.12
2020-09-07,134.88,134.88,119.0,121.27
2020-09-08,133.88,133.88,120.65,120.85
2020-09-09,120.75,120.75,115.05,120.34
2020-09-10,129.0,129.0,116.8,121.94
2020-09-11,134.88,134.88,121.54,122.13
2020-09-14,127.0,127.0,121.52,122.13
2020-09-15,127.0,127.0,122.1,122.9
2020-09-16,141.3,141.3,120.0,123.71
2020-09-17,125.66,125.66,122.0,122.72
2020-09-18,130.0,130.0,111.7,122.66
2020-09-21,127.4,127.4,118.85,119.92
2020-09-22,115.0,125.0,115.0,118.91
2020-09-23,130.0,130.0,117.8,118.95
2020-09-24,120.0,120.0,115.56,115.76
2020-09-25,116.85,118.11,115.0,117.87
2020-09-28,120.0,120.0,117.91,119.75
2020-09-29,130.0,130.0,119.41,119.82
2020-09-30,122.0,122.42,118.55,119.93
2020-10-01,120.5,121.74,119.72,121.61
2020-10-05,125.0,125.0,120.05,122.38
2020-10-06,124.0,124.2,120.0,124.03
2020-10-07,127.45,127.45,116.6,124.89
2020-10-08,127.0,127.0,123.3,125.91
2020-10-09,130.0,130.0,125.7,126.99
2020-10-12,124.0,128.1,124.0,126.96
2020-10-13,129.0,130.0,126.0,127.02
2020-10-14,127.55,127.69,125.8,127.42
2020-10-15,128.0,128.0,124.0,124.81
2020-10-16,125.44,125.92,124.6,125.62
2020-10-19,130.0,130.0,124.61,126.81
2020-10-20,130.0,130.0,125.25,126.77
2020-10-21,130.0,130.0,125.41,126.98
2020-10-22,128.0,128.0,126.0,126.73
2020-10-23,128.0,128.0,126.73,127.11
2020-10-26,146.2,146.2,125.2,125.81
2020-10-27,109.5,129.99,109.5,126.81
2020-10-28,119.2,145.8,119.2,125.4
2020-10-29,129.5,139.0,124.0,124.72
2020-10-30,130.0,138.0,123.4,124.57
2020-11-02,127.69,127.69,123.4,124.37
2020-11-03,126.0,126.24,124.05,126.01
2020-11-04,139.0,139.0,114.7,127.03
2020-11-05,133.0,133.0,127.51,129.12
2020-11-06,129.0,130.8,126.51,130.61
2020-11-09,132.0,133.0,131.16,132.73
2020-11-10,144.7,144.7,132.94,134.72
2020-11-11,154.9,154.9,122.6,135.83
2020-11-12,144.7,144.7,134.65,135.26
2020-11-13,140.0,140.0,130.0,135.79
2020-11-14,123.6,140.0,123.6,136.4
2020-11-17,154.88,154.88,136.51,137.39
2020-11-18,136.0,149.88,136.0,137.9
2020-11-19,120.0,143.88,120.0,136.25
2020-11-20,137.0,137.33,135.0,137.0
2020-11-23,149.0,149.0,136.62,137.76
2020-11-24,147.88,147.88,129.5,139.38
2020-11-25,154.74,154.74,137.2,137.39
2020-11-26,144.0,144.0,136.6,138.24
2020-11-27,150.0,150.0,133.04,138.38
2020-12-01,149.7,149.7,133.1,139.79
2020-12-02,154.0,154.0,138.6,139.96
2020-12-03,141.23,143.0,139.91,140.12
2020-12-04,143.2,143.2,139.95,141.27
2020-12-07,143.0,143.0,140.5,142.29
2020-12-08,154.0,154.0,141.3,142.86
2020-12-09,146.0,146.0,140.5,144.41
2020-12-10,154.0,154.0,143.0,143.82
2020-12-11,148.0,148.0,142.8,143.93
2020-12-14,144.99,145.7,143.45,144.32
2020-12-15,146.0,146.0,143.4,144.61
2020-12-16,159.0,159.0,144.0,145.82
2020-12-17,154.8,154.8,145.56,146.56
2020-12-18,159.0,159.0,145.4,146.96
2020-12-21,146.94,146.96,140.55,142.5
2020-12-22,146.4,146.4,129.7,143.82
2020-12-23,143.95,145.31,143.28,145.12
2020-12-24,154.7,154.7,144.45,146.52
2020-12-28,159.0,159.0,146.25,147.78
2020-12-29,148.4,148.95,148.1,148.77
2020-12-30,149.41,149.5,148.1,149.27
2020-12-31,148.15,149.95,148.15,149.07
2021-01-01,159.68,159.68,147.65,149.57
2021-01-04,150.59,150.9,148.95,150.71
2021-01-05,159.7,159.7,149.75,151.3
2021-01-06,159.7,159.7,145.58,151.22
2021-01-07,155.0,155.0,151.01,151.2
2021-01-08,168.88,168.88,151.73,152.88
2021-01-11,158.0,159.7,153.11,154.38
2021-01-12,154.44,155.47,153.9,155.32
2021-01-13,156.15,156.15,154.31,155.6
2021-01-14,155.5,155.92,154.52,155.76
2021-01-15,155.95,155.95,153.5,154.11
2021-01-18,160.25,164.8,152.08,152.56
2021-01-19,153.9,155.6,153.32,155.45
2021-01-20,155.42,156.85,155.12,156.75
2021-01-21,169.7,169.7,155.34,156.02
2021-01-22,156.98,156.99,153.7,153.91
2021-01-25,174.88,174.88,152.22,152.46
2021-01-27,157.7,157.7,140.2,149.48
2021-01-28,149.0,149.0,147.0,147.99
2021-01-29,164.74,164.74,145.6,146.1
2021-02-01,150.0,153.0,146.24,152.52
2021-02-02,154.33,162.0,153.12,156.1
2021-02-03,164.4,164.4,155.21,157.66
2021-02-04,174.7,174.7,156.51,158.69
2021-02-05,159.27,159.99,158.48,159.05
2021-02-08,179.7,179.7,159.35,161.03
2021-02-09,161.67,162.7,160.76,161.23
2021-02-10,161.83,161.92,160.15,161.46
2021-02-11,161.17,162.64,160.94,162.06
2021-02-12,162.35,162.7,161.3,162.17
2021-02-15,163.17,165.0,159.75,163.93
2021-02-16,169.88,169.88,162.71,163.54
2021-02-17,164.98,164.98,162.01,162.59
2021-02-18,172.59,172.59,161.57,161.89
2021-02-19,161.57,164.19,159.55,160.42
2021-02-22,160.75,162.19,156.71,157.18
2021-02-23,158.69,164.6,157.1,157.59
2021-02-24,157.59,163.85,157.1,160.15
2021-02-25,161.46,162.39,160.82,161.87
2021-02-26,157.0,163.62,154.55,156.15
2021-03-01,161.99,161.99,156.8,158.01
2021-03-02,159.41,159.99,158.01,159.57
2021-03-03,161.14,163.31,160.39,162.98
2021-03-04,165.0,165.0,160.0,161.2
2021-03-05,160.33,161.18,158.3,159.66
2021-03-08,163.64,183.6,159.66,160.04
2021-03-09,161.18,161.8,159.85,161.47
2021-03-10,164.94,164.94,161.56,162.16
2021-03-12,163.99,163.99,159.89,160.63
2021-03-15,161.0,161.01,158.1,159.96
2021-03-16,163.19,164.6,159.0,159.79
2021-03-17,183.48,183.48,157.52,157.88
2021-03-18,159.49,159.49,155.31,156.12
2021-03-19,158.59,158.59,153.86,157.87
2021-03-22,178.88,178.88,137.3,157.33
2021-03-23,178.48,178.48,157.16,158.35
2021-03-24,174.88,174.88,155.91,156.09
2021-03-25,156.53,156.55,153.25,153.86
2021-03-26,183.48,183.48,154.11,155.21
2021-03-30,179.88,179.88,153.81,158.42
2021-03-31,177.48,177.48,156.8,157.16
2021-04-01,137.05,177.0,137.05,158.7
2021-04-05,156.01,174.0,155.01,156.96
2021-04-06,152.3,159.98,152.1,157.39
2021-04-07,159.4,159.4,155.61,158.82
2021-04-08,159.8,160.0,154.1,158.87
2021-04-09,159.6,159.6,158.1,158.78
2021-04-12,179.88,179.88,150.1,154.08
2021-04-13,174.88,174.88,153.45,155.5
2021-04-15,174.88,174.88,152.41,155.93
2021-04-16,154.95,157.18,154.45,156.42
2021-04-19,156.18,156.23,151.77,154.09
2021-04-20,132.0,156.49,132.0,153.29
2021-04-22,169.83,169.83,151.92,154.27
2021-04-23,161.0,161.0,151.25,153.86
2021-04-26,158.4,158.4,153.91,155.17
2021-04-27,163.0,163.0,152.35,156.83
2021-04-28,158.64,159.09,155.36,158.9
2021-04-29,161.14,161.14,157.81,159.1
2021-04-30,157.94,158.68,155.15,157.0
2021-05-03,156.49,157.42,154.56,156.97
2021-05-04,164.0,164.0,155.15,155.55
2021-05-05,158.9,158.9,151.35,156.81
2021-05-06,163.5,163.5,156.2,157.54
2021-05-07,159.4,159.4,155.2,158.53
2021-05-10,160.4,160.4,158.55,159.69
2021-05-11,159.2,159.31,157.74,158.94
2021-05-12,161.9,161.9,157.24,157.69
2021-05-14,158.99,169.0,156.57,157.47
2021-05-17,155.6,159.72,155.6,159.52
2021-05-18,161.9,161.9,160.0,161.37
2021-05-19,161.37,162.9,160.0,160.67
2021-05-20,169.0,169.0,159.41,159.64
2021-05-21,174.9,174.9,159.75,162.1
2021-05-24,170.0,170.0,161.31,162.43
2021-05-25,178.88,178.88,162.01,162.53
2021-05-26,170.0,170.0,150.8,163.46
2021-05-27,170.0,170.0,162.23,164.12
2021-05-28,168.9,168.9,164.0,165.02
2021-05-31,179.0,179.0,155.1,166.79
2021-06-01,179.0,179.0,166.42,166.88
2021-06-02,166.75,167.6,164.41,167.29
2021-06-03,167.3,177.7,167.3,168.17
2021-06-04,174.9,174.9,159.0,168.15
2021-06-07,174.4,174.4,168.15,168.63
2021-06-08,169.64,169.64,167.2,168.57
2021-06-09,174.4,174.4,159.3,167.59
2021-06-10,174.39,174.39,165.05,168.6
2021-06-11,173.9,173.9,167.2,169.33
2021-06-14,174.88,174.88,166.3,169.56
2021-06-15,173.98,174.4,169.0,170.27
2021-06-16,173.94,174.4,169.3,169.69
2021-06-17,179.0,179.0,168.1,168.79
2021-06-18,168.86,169.8,166.45,168.67
2021-06-21,168.0,169.39,166.5,169.07
2021-06-22,183.48,183.48,169.1,169.41
2021-06-23,173.8,173.8,168.5,168.68
2021-06-24,184.88,184.88,168.1,169.68
2021-06-25,170.68,170.68,165.0,170.4
2021-06-28,170.4,173.5,169.8,169.85
2021-06-29,184.43,184.43,166.66,169.33
2021-06-30,173.35,173.35,160.15,169.13
2021-07-01,173.45,173.45,168.51,168.92
2021-07-02,171.85,171.85,167.55,169.34
2021-07-05,172.4,173.88,166.5,170.13
2021-07-06,170.9,171.0,168.75,170.17
2021-07-07,172.25,172.25,169.14,170.46
2021-07-08,172.2,180.7,169.02,169.47
2021-07-09,173.4,173.4,168.5,169.07
2021-07-12,176.39,176.39,165.17,169.04
2021-07-13,172.85,172.85,169.25,170.17
2021-07-14,172.35,172.35,166.55,170.6
2021-07-15,184.9,184.9,169.5,171.28
2021-07-16,173.2,173.2,151.7,171.41
2021-07-19,174.94,174.94,169.02,169.77
2021-07-20,184.83,184.83,167.96,168.54
2021-07-22,172.6,172.6,168.81,170.36
2021-07-23,172.78,172.78,166.05,170.57
2021-07-26,174.84,174.84,169.1,170.28
2021-07-27,174.74,174.74,169.24,169.68
2021-07-28,172.55,172.55,167.4,169.34
2021-07-29,170.25,170.95,168.45,169.95
2021-07-30,179.9,179.9,135.51,169.69
2021-08-02,174.69,174.69,170.0,171.0
2021-08-03,172.58,173.4,161.0,173.27
2021-08-04,174.75,175.0,173.15,174.67
2021-08-05,177.4,177.4,172.55,175.13
2021-08-06,188.75,188.75,174.65,174.85
2021-08-09,177.8,177.8,170.15,175.41
2021-08-10,175.9,176.25,174.82,175.63
2021-08-11,188.95,188.95,160.15,175.37
2021-08-12,176.7,176.7,174.55,176.17
2021-08-13,189.8,189.8,175.55,177.94
2021-08-16,179.9,179.9,176.6,178.6
2021-08-17,182.44,182.44,155.4,178.91
2021-08-18,194.75,194.75,174.63,178.76
2021-08-20,194.0,194.0,176.08,177.32
2021-08-23,193.43,193.43,177.0,178.1
2021-08-24,188.43,188.43,167.45,179.46
2021-08-25,193.95,193.95,179.2,179.47
2021-08-26,190.0,190.0,179.0,179.52
2021-08-27,184.83,184.83,168.7,180.24
2021-08-30,187.95,187.95,179.3,182.57
2021-08-31,193.43,193.43,182.01,184.55
2021-09-01,187.7,187.7,171.16,184.31
2021-09-02,185.25,186.0,180.25,185.96
2021-09-03,172.31,193.39,172.31,186.91
2021-09-06,186.96,188.45,186.96,187.55
2021-09-07,187.95,188.4,186.6,187.17
2021-09-08,188.44,188.44,186.35,187.14
2021-09-09,193.39,193.39,186.05,187.42
2021-09-13,188.2,188.2,186.45,187.11
2021-09-14,214.83,214.83,180.16,187.54
2021-09-15,163.2,192.35,163.2,189.01
2021-09-16,191.95,191.95,188.6,190.22
2021-09-17,173.1,195.39,173.1,189.82
2021-09-20,187.45,190.24,187.4,187.86
2021-09-21,199.65,199.65,187.12,189.66
2021-09-22,192.84,192.84,189.06,189.69
2021-09-23,194.4,194.4,190.0,192.29
2021-09-24,197.4,197.4,188.0,192.63
2021-09-27,204.74,204.74,183.66,192.79
2021-09-28,221.7,221.7,189.86,191.44
2021-09-29,174.2,209.0,174.2,191.15
2021-09-30,197.44,197.44,189.2,190.11
2021-10-01,193.5,193.5,188.42,189.22
2021-10-04,187.05,197.39,187.05,191.03
2021-10-05,191.65,192.3,189.7,192.2
2021-10-06,199.39,199.39,187.1,190.19
2021-10-07,187.05,193.07,187.05,191.82
2021-10-08,197.44,197.44,190.15,192.58
2021-10-11,193.12,194.0,167.5,193.09
2021-10-12,219.8,219.8,182.6,193.66
2021-10-13,204.85,204.85,185.25,195.56
2021-10-14,205.28,205.28,195.75,197.11
2021-10-18,207.39,207.39,195.75,198.91
2021-10-19,198.16,207.8,197.99,198.41
2021-10-20,202.39,202.39,196.46,197.3
2021-10-21,201.44,201.44,190.05,196.08
2021-10-22,199.85,199.85,194.78,195.68
2021-10-25,198.65,198.65,194.06,195.71
2021-10-26,199.39,199.39,194.05,197.13
2021-10-27,203.39,203.39,194.1,196.54
2021-10-28,209.0,209.0,192.98,193.68
2021-10-29,209.0,209.0,182.1,191.16
2021-11-01,208.88,208.88,191.36,193.84
2021-11-02,206.9,206.9,183.6,193.1
2021-11-03,200.0,200.0,190.1,192.58
2021-11-04,207.88,207.88,185.11,193.59
2021-11-08,200.0,200.0,192.6,195.37
2021-11-09,200.0,200.0,193.0,194.88
2021-11-10,199.0,199.0,192.93,194.66
2021-11-11,199.9,199.9,192.1,193.25
2021-11-12,198.0,198.0,191.25,195.46
2021-11-15,199.5,199.5,190.0,195.52
2021-11-16,199.5,199.5,194.15,194.47
2021-11-17,199.5,199.5,192.1,193.53
2021-11-18,197.44,197.44,191.33,192.14
2021-11-22,197.44,209.4,186.0,188.53
2021-11-23,193.4,193.4,177.2,189.4
2021-11-24,192.4,192.4,187.78,188.25
2021-11-25,188.7,189.85,187.12,189.51
2021-11-26,193.0,193.0,183.81,184.51
2021-11-29,187.66,187.66,180.1,184.55
2021-11-30,188.0,188.0,183.21,183.7
2021-12-01,187.5,187.5,183.1,185.72
2021-12-02,186.92,188.19,184.51,187.99
2021-12-03,192.5,192.5,185.75,186.0
2021-12-06,192.4,192.4,182.8,183.01
2021-12-07,190.0,190.0,180.1,185.71
2021-12-08,191.0,191.0,185.71,188.48
2021-12-09,192.5,192.5,187.16,189.14
2021-12-10,185.0,192.5,185.0,189.09
2021-12-13,192.4,192.4,187.6,187.9
2021-12-14,188.15,192.4,184.91,187.33
2021-12-15,192.0,192.0,185.45,186.25
2021-12-16,190.0,190.0,185.0,186.62
2021-12-17,190.0,190.0,182.0,183.77
2021-12-20,187.5,187.5,177.85,179.93
2021-12-21,185.0,185.0,180.0,181.45
2021-12-22,185.0,185.0,180.05,183.33
2021-12-23,187.5,187.5,183.5,184.1
2021-12-24,187.5,187.5,180.1,183.45
2021-12-27,187.49,187.49,178.0,184.55
2021-12-28,187.45,187.45,184.55,186.3
2021-12-29,188.9,188.9,182.5,186.12
2021-12-30,186.72,187.45,185.3,186.14
2021-12-31,188.0,188.77,185.15,187.79
2022-01-03,190.0,190.95,185.3,190.72
2022-01-04,198.91,198.91,189.2,192.46
2022-01-05,195.0,195.0,191.3,193.34
2022-01-06,193.0,193.0,190.75,191.92
2022-01-07,194.0,194.0,191.4,192.42
2022-01-10,193.7,194.5,192.45,194.35
2022-01-11,196.0,196.0,193.25,194.69
2022-01-12,197.5,197.5,195.05,196.2
2022-01-13,198.8,198.8,195.8,197.0
2022-01-14,199.85,199.85,195.5,197.36
2022-01-17,223.0,223.0,195.7,198.03
2022-01-18,199.0,199.0,195.6,195.97
2022-01-19,221.4,221.4,193.0,194.18
2022-01-20,195.8,195.8,191.1,192.18
2022-01-21,191.99,191.99,189.22,190.64
2022-01-24,196.8,196.8,184.05,185.79
2022-01-25,185.49,187.38,183.05,187.07
2022-01-27,194.0,194.0,182.7,185.33
2022-01-28,187.75,188.06,184.8,185.1
2022-01-31,199.88,199.88,185.25,187.63
2022-02-01,190.8,190.8,178.11,189.7
2022-02-02,194.0,194.0,189.7,192.12
2022-02-03,195.0,195.0,189.6,190.01
2022-02-04,193.0,193.0,189.01,189.59
2022-02-07,193.0,193.0,185.39,186.34
2022-02-08,190.0,190.0,184.5,186.81
2022-02-09,199.85,199.85,187.1,189.03
2022-02-10,191.5,191.5,188.5,190.11
2022-02-11,192.5,192.5,187.0,188.0
2022-02-14,187.5,187.5,182.3,182.59
2022-02-15,185.0,187.88,182.59,187.59
2022-02-16,190.0,190.0,186.45,187.14
2022-02-17,190.0,190.0,186.17,186.93
2022-02-18,183.3,190.0,183.3,186.64
2022-02-21,190.0,190.0,184.69,186.29
2022-02-22,186.0,186.0,182.69,185.27
2022-02-23,187.99,187.99,184.58,185.05
2022-02-24,180.6,189.95,177.0,178.36
2022-02-25,185.0,185.0,179.0,180.85
2022-02-28,189.88,189.88,176.1,181.84
2022-03-02,185.0,185.0,178.3,180.1
2022-03-03,184.9,184.9,178.3,178.86
2022-03-04,178.48,178.48,175.06,176.26
2022-03-07,176.9,176.9,171.25,172.33
2022-03-08,177.55,177.55,170.26,173.4
2022-03-09,180.0,180.0,173.15,176.98
2022-03-10,177.25,183.9,177.25,179.65
2022-03-11,183.0,183.0,177.16,179.98
2022-03-14,182.0,182.99,178.35,182.61
2022-03-15,185.0,185.0,179.51,180.6
2022-03-16,183.6,183.8,181.8,183.66
2022-03-17,188.0,188.0,185.2,186.71
2022-03-21,190.0,190.0,182.0,185.38
2022-03-22,189.0,193.75,184.2,187.34
2022-03-23,190.0,190.0,185.0,186.34
2022-03-24,198.0,198.0,177.8,186.09
2022-03-25,187.12,187.12,185.0,185.82
2022-03-28,188.2,188.2,184.3,186.32
2022-03-29,190.0,190.0,184.15,187.22
2022-03-30,191.5,191.5,187.75,188.91
2022-03-31,190.5,190.5,188.15,188.87
2022-04-01,189.94,190.96,185.0,190.47
2022-04-04,190.5,195.35,190.5,195.19
2022-04-05,196.74,197.15,194.1,194.55
2022-04-06,194.24,194.24,192.7,193.0
2022-04-07,193.0,193.0,191.06,191.26
2022-04-08,195.0,195.0,189.13,192.76
2022-04-11,193.54,193.54,191.0,191.67
2022-04-12,189.86,210.0,189.2,190.42
2022-04-13,195.0,195.0,189.33,189.54
2022-04-18,188.55,188.55,185.25,186.23
2022-04-19,185.0,187.7,182.4,183.68
2022-04-20,191.89,191.89,182.2,185.86
2022-04-21,209.55,209.55,184.41,188.1
2022-04-22,188.24,188.24,184.75,186.09
2022-04-25,186.69,186.69,183.25,183.86
2022-04-26,194.88,194.88,184.47,186.11
2022-04-27,200.0,200.0,183.61,184.78
2022-04-28,188.5,194.88,184.8,186.41
2022-04-29,192.75,192.75,184.8,185.43
2022-05-02,176.25,185.25,176.25,185.12
2022-05-04,193.98,193.98,180.5,181.05
2022-05-05,194.48,194.48,180.7,181.01
2022-05-06,180.49,180.49,177.35,177.94
2022-05-09,171.0,184.88,171.0,176.95
2022-05-10,184.6,184.6,175.2,176.16
2022-05-11,153.3,181.9,153.3,175.34
2022-05-12,174.99,175.0,170.96,171.72
2022-05-13,178.9,178.9,171.01,171.4
2022-05-16,176.8,176.8,171.0,172.13
2022-05-17,176.9,176.9,171.01,176.44
2022-05-18,178.99,178.99,175.21,176.05
2022-05-19,175.99,175.99,171.5,171.7
2022-05-20,176.99,176.99,172.01,175.92
2022-05-23,178.99,178.99,174.9,175.53
2022-05-24,177.99,177.99,174.26,175.09
2022-05-25,176.8,176.8,173.26,174.13
2022-05-26,176.7,176.7,173.0,175.57
2022-05-27,179.8,179.8,175.15,177.1
2022-05-30,182.9,182.9,177.55,180.43
2022-05-31,180.99,180.99,177.25,179.87
2022-06-01,180.19,180.7,178.55,179.59
2022-06-02,180.99,180.99,178.0,180.68
2022-06-03,183.5,184.99,180.0,180.21
2022-06-06,181.99,181.99,176.25,180.15
2022-06-07,181.88,181.88,177.25,178.56
2022-06-08,181.86,181.86,177.5,178.08
2022-06-09,179.99,179.99,176.33,179.4
2022-06-10,178.99,178.99,176.14,176.46
2022-06-13,175.99,175.99,170.95,171.87
2022-06-14,172.99,172.99,170.06,171.3
2022-06-15,173.99,173.99,171.0,171.1
2022-06-16,172.9,172.9,167.31,167.56
2022-06-17,170.9,170.9,165.87,166.87
2022-06-20,169.9,169.9,165.7,167.31
2022-06-21,169.5,170.9,167.47,170.26
2022-06-22,171.99,171.99,167.8,168.08
2022-06-23,169.99,170.27,166.11,169.71
2022-06-24,172.99,172.99,169.9,171.16
2022-06-27,171.0,173.9,171.0,172.62
2022-06-28,173.99,173.99,171.3,172.65
2022-06-29,172.99,172.99,170.3,171.86
2022-06-30,172.99,172.99,170.0,171.6
2022-07-01,172.38,172.38,169.0,171.64
2022-07-04,172.9,172.9,170.65,172.63
2022-07-05,175.0,175.99,170.11,172.04
2022-07-06,174.68,174.68,170.91,174.12
2022-07-07,175.35,175.7,174.4,175.54
2022-07-08,178.99,178.99,175.58,176.28
2022-07-11,178.88,178.88,175.08,176.23
2022-07-12,175.9,176.0,174.7,175.1
2022-07-13,177.99,177.99,173.95,174.06
2022-07-14,176.44,176.44,172.11,173.93
2022-07-15,176.97,176.97,171.11,175.02
2022-07-18,176.7,177.5,175.55,177.39
2022-07-19,176.8,178.19,175.9,177.88
2022-07-20,182.8,182.8,178.7,179.53
2022-07-21,180.97,180.97,178.2,180.54
2022-07-22,177.11,182.87,177.11,181.89
2022-07-25,182.95,184.51,180.3,181.46
2022-07-26,176.1,181.95,176.1,179.91
2022-07-27,180.89,181.8,178.6,181.6
2022-07-28,184.5,184.5,180.11,184.18
2022-07-29,185.0,186.8,184.25,186.54
2022-08-01,186.54,190.0,186.54,188.63
2022-08-02,199.99,199.99,183.0,188.62
2022-08-03,188.9,189.4,180.01,189.11
2022-08-04,190.25,190.68,187.03,189.17
2022-08-05,180.01,191.05,180.01,189.25
2022-08-08,189.75,191.04,188.3,190.79
2022-08-10,199.8,199.99,189.98,191.04
2022-08-11,193.97,193.97,191.5,192.34
2022-08-12,199.99,199.99,191.71,192.86
2022-08-16,199.74,199.74,192.9,194.09
2022-08-17,198.2,198.2,194.2,195.55
2022-08-18,196.5,196.89,194.2,195.71
2022-08-19,196.63,196.63,193.12,193.61
2022-08-22,168.4,194.06,168.4,190.95
2022-08-23,190.74,192.7,189.53,192.19
2022-08-24,192.9,192.9,191.2,192.63
2022-08-25,194.9,195.33,191.3,191.78
2022-08-26,192.9,193.4,191.41,191.92
2022-08-29,191.72,191.72,187.55,189.44
2022-08-30,187.55,194.19,187.55,193.92
2022-09-01,193.7,193.7,190.85,191.82
2022-09-02,192.45,199.16,182.0,191.61
2022-09-05,192.9,193.1,190.87,192.98
2022-09-06,194.44,194.88,191.95,192.48
2022-09-07,192.4,192.65,188.02,192.37
2022-09-08,199.88,199.88,192.51,194.0
2022-09-09,195.44,195.51,194.18,194.6
2022-09-12,195.99,196.1,194.0,195.64
2022-09-13,196.8,197.19,195.7,196.95
2022-09-14,196.74,197.2,193.1,196.27
2022-09-15,197.47,197.47,195.0,195.69
2022-09-16,195.65,195.65,191.56,191.9
2022-09-19,195.5,195.5,190.72,192.75
2022-09-20,194.95,195.49,193.2,194.44
2022-09-21,195.22,195.22,192.73,193.5
2022-09-22,193.49,193.91,191.9,192.92
2022-09-23,197.49,197.49,189.5,189.64
2022-09-26,194.5,194.5,185.84,186.21
2022-09-27,188.44,188.44,185.26,186.05
2022-09-28,185.95,186.22,183.8,184.47
2022-09-29,186.85,186.85,183.71,184.07
2022-09-30,189.88,189.88,181.8,186.83
2022-10-03,184.6,187.93,183.97,184.25
2022-10-04,186.8,188.5,185.36,188.29
2022-10-06,188.31,194.88,188.31,188.94
2022-10-07,193.88,193.88,187.91,189.19
2022-10-10,188.94,189.05,186.63,188.75
2022-10-11,190.75,190.75,185.45,185.87
2022-10-12,176.11,187.69,176.11,187.21
2022-10-13,187.59,187.6,185.61,186.23
2022-10-14,192.2,192.2,187.7,188.02
2022-10-17,188.6,189.0,186.06,188.83
2022-10-18,190.3,190.99,189.25,190.64
2022-10-19,194.5,194.5,190.18,190.83
2022-10-20,191.5,191.68,188.91,191.44
2022-10-21,191.97,192.55,190.65,191.52
2022-10-24,194.3,194.4,192.51,193.17
2022-10-25,195.17,195.17,191.57,192.49
2022-10-27,192.61,194.15,192.61,193.45
2022-10-28,194.7,194.7,193.01,193.96
2022-10-31,195.7,196.5,194.5,196.27
2022-11-01,197.8,198.24,196.36,197.98
2022-11-02,198.8,198.8,197.07,197.41
2022-11-03,197.4,197.82,194.6,197.39
2022-11-04,198.6,198.6,196.7,197.77
2022-11-07,199.0,199.4,197.42,198.62
2022-11-09,203.49,203.49,198.15,198.32
2022-11-10,198.2,198.2,196.25,196.86
2022-11-11,199.37,200.35,198.45,200.22
2022-11-14,200.7,200.96,199.02,200.17
2022-11-15,201.67,201.67,199.8,200.91
2022-11-16,201.95,201.95,200.28,200.87
2022-11-17,201.25,201.25,199.45,200.2
2022-11-18,201.25,201.25,199.06,199.92
2022-11-21,199.99,199.99,198.4,198.55
2022-11-22,199.73,199.73,198.01,199.23
2022-11-23,200.52,200.52,199.17,199.51
2022-11-24,200.72,202.22,199.45,201.72
2022-11-25,202.37,202.64,201.44,202.35
2022-11-28,203.52,203.52,200.91,203.04
2022-11-29,207.49,207.49,201.91,203.43
2022-11-30,207.48,207.48,202.75,204.7
2022-12-01,207.49,207.49,204.73,205.54
2022-12-02,207.49,207.49,203.9,204.81
2022-12-05,207.49,207.49,203.65,204.44
2022-12-06,206.48,206.48,203.5,204.14
2022-12-07,203.87,207.24,202.6,202.87
2022-12-08,176.5,203.8,176.5,203.62
2022-12-09,207.49,207.49,201.71,202.48
2022-12-12,204.8,205.8,200.55,202.61
2022-12-13,207.49,207.49,202.31,203.77
2022-12-14,204.99,204.99,203.77,204.35
2022-12-15,204.75,204.75,201.32,201.58
2022-12-16,202.35,202.35,200.0,200.16
2022-12-19,201.42,201.79,198.66,201.67
2022-12-20,203.85,203.85,199.25,201.21
2022-12-21,203.95,203.95,199.0,199.4
2022-12-22,199.4,202.31,197.9,198.55
2022-12-23,201.43,201.43,194.8,195.15
2022-12-26,198.51,198.51,194.8,197.23
2022-12-27,198.91,198.91,196.58,198.0
2022-12-28,198.95,198.95,197.01,197.99
2022-12-29,197.9,199.08,196.76,198.78
2022-12-30,199.9,200.14,197.7,198.04
2023-01-02,200.99,201.0,197.49,199.34
2023-01-03,199.95,199.95,198.39,199.68
2023-01-04,200.9,200.9,197.4,197.67
2023-01-05,198.95,198.95,195.0,197.07
2023-01-06,198.15,198.15,194.99,195.72
2023-01-09,195.76,199.0,195.72,198.28
2023-01-10,198.28,199.18,195.62,196.13
2023-01-11,195.88,198.99,195.25,196.13
2023-01-12,202.0,202.0,194.55,195.61
2023-01-13,196.9,197.15,194.73,196.61
2023-01-16,196.61,198.5,195.6,196.06
2023-01-17,196.0,198.0,195.81,197.47
2023-01-18,199.0,199.0,197.18,198.65
2023-01-19,199.41,199.41,197.67,198.43
2023-01-20,199.89,199.89,197.31,197.45
2023-01-23,198.59,199.0,197.61,198.44
2023-01-24,199.94,199.94,198.0,198.42
2023-01-25,199.44,199.44,195.6,196.04
2023-01-27,196.95,197.2,191.59,193.0
2023-01-30,194.9,194.9,190.5,193.25
2023-01-31,196.49,196.49,192.21,193.44
2023-02-01,196.99,196.99,190.6,193.13
2023-02-02,194.6,194.6,191.11,192.91
2023-02-03,198.7,203.5,190.01,195.12
2023-02-06,199.9,201.0,193.91,194.48
2023-02-07,196.16,196.16,193.4,194.04
2023-02-08,194.2,195.8,189.1,195.54
2023-02-09,201.4,201.4,194.61,195.89
2023-02-10,197.97,197.97,194.39,195.49
2023-02-13,195.49,198.2,193.93,194.6
2023-02-14,197.89,197.89,194.6,195.98
2023-02-15,196.98,197.37,194.13,197.08
2023-02-16,198.48,198.48,196.6,197.35
2023-02-17,198.89,198.89,195.75,196.3
2023-02-20,198.69,198.69,195.35,195.59
2023-02-21,196.25,196.52,193.25,195.26
2023-02-22,196.89,196.89,192.21,192.51
2023-02-23,194.49,194.49,191.44,192.01
2023-02-24,193.99,195.0,191.05,191.46
2023-02-27,192.87,192.87,189.73,190.56
2023-02-28,192.48,192.48,189.2,189.7
2023-03-01,191.89,191.89,189.81,191.28
2023-03-02,192.65,196.5,189.76,189.93
2023-03-03,193.15,193.15,190.33,192.51
2023-03-06,193.89,194.4,192.61,193.63
2023-03-08,194.63,194.63,190.6,193.95
2023-03-09,188.15,194.65,188.15,192.64
2023-03-10,191.91,191.92,190.0,190.75
2023-03-13,192.65,192.65,187.65,188.12
2023-03-14,189.44,189.7,186.31,186.91
2023-03-15,192.5,192.5,185.76,186.1
2023-03-16,188.52,188.52,184.8,186.23
2023-03-17,189.52,189.52,185.9,187.42
2023-03-20,188.4,188.4,184.51,186.2
2023-03-21,187.89,187.9,186.01,187.46
2023-03-22,188.75,188.75,187.46,187.88
2023-03-23,189.79,189.79,186.67,186.91
2023-03-24,187.9,187.9,185.36,185.68
2023-03-27,186.64,187.15,185.6,186.18
2023-03-28,187.53,187.53,185.25,185.71
2023-03-29,187.49,187.49,185.01,187.09
2023-03-31,187.22,190.0,187.22,189.86
2023-04-03,191.49,191.49,189.44,190.56
2023-04-05,191.56,192.47,189.77,192.19
2023-04-06,189.2,193.25,189.2,192.94
2023-04-10,194.39,194.39,192.45,192.64
2023-04-11,193.91,193.91,192.7,193.76
2023-04-12,193.89,194.8,193.57,194.64
2023-04-13,194.63,195.1,193.8,194.77
2023-04-17,196.0,196.0,192.5,193.91
2023-04-18,194.91,194.91,192.66,193.24
2023-04-19,194.0,194.0,192.58,192.86
2023-04-20,194.0,194.0,192.48,192.99
2023-04-21,192.5,194.2,192.4,192.85
2023-04-24,194.4,194.4,192.8,193.95
2023-04-25,194.59,194.6,193.59,194.13
2023-04-26,194.5,194.75,193.5,194.62
2023-04-27,195.2,196.35,193.86,195.93
2023-04-28,196.8,197.72,195.74,197.29
2023-05-02,198.5,199.7,196.11,198.39
2023-05-03,199.79,199.79,197.28,197.68
2023-05-04,199.45,199.61,197.03,199.44
2023-05-05,199.89,199.89,197.67,197.84
2023-05-08,197.95,199.99,197.84,199.71
2023-05-09,200.4,200.49,199.05,199.7
2023-05-10,200.2,200.37,199.08,200.0
2023-05-11,200.99,200.99,199.96,200.35
2023-05-12,200.27,200.45,199.06,200.26
2023-05-15,200.26,201.79,199.94,201.34
2023-05-16,200.25,202.25,200.25,200.51
2023-05-17,201.25,201.49,199.0,199.76
2023-05-18,201.39,201.49,198.8,199.05
2023-05-19,205.0,205.0,198.25,199.82
2023-05-22,200.49,200.93,199.05,200.74
2023-05-23,200.05,201.7,200.05,201.02
2023-05-24,201.49,201.5,199.81,200.24
2023-05-25,200.95,200.95,199.26,200.7
2023-05-26,201.89,203.27,200.05,202.85
2023-05-29,202.85,204.8,202.85,204.14
2023-05-30,205.49,205.49,202.53,204.36
2023-05-31,205.49,205.49,203.06,203.66
2023-06-01,205.39,205.39,202.11,202.99
2023-06-02,204.9,204.9,203.08,203.84
2023-06-05,205.39,205.48,203.99,204.28
2023-06-06,205.39,205.39,203.45,204.04
2023-06-07,205.39,205.45,203.92,205.34
2023-06-08,203.92,206.21,203.92,204.51
2023-06-09,205.9,205.9,203.85,204.03
2023-06-12,204.9,205.45,203.83,204.46
2023-06-13,205.48,205.52,204.3,205.45
2023-06-14,211.6,211.6,205.08,205.85
2023-06-15,206.39,206.39,204.69,205.31
2023-06-16,206.39,207.1,205.41,206.69
2023-06-19,206.69,208.98,205.51,205.87
2023-06-20,205.75,206.75,204.94,206.5
2023-06-21,206.04,207.46,206.04,206.87
2023-06-22,206.87,207.47,206.08,206.24
2023-06-23,212.45,212.45,204.8,204.98
2023-06-26,206.25,206.25,204.52,205.17
2023-06-27,207.36,207.36,205.36,206.46
2023-06-28,207.4,208.56,206.28,208.18
2023-06-30,209.6,210.91,208.09,210.61
2023-07-03,213.45,213.45,210.9,212.3
2023-07-04,218.65,218.65,212.0,213.06
2023-07-05,218.0,218.0,212.3,212.92
2023-07-06,218.0,219.3,212.05,213.96
2023-07-07,220.4,220.4,212.5,212.72
2023-07-10,218.4,218.4,210.15,212.64
2023-07-11,219.0,219.0,212.66,213.45
2023-07-12,214.95,214.95,213.0,213.25
2023-07-13,215.0,215.0,213.25,213.69
2023-07-14,215.46,215.46,213.56,214.83
2023-07-17,216.14,216.9,214.82,216.53
2023-07-18,216.91,217.8,216.1,217.02
2023-07-19,219.95,219.95,216.76,217.97
2023-07-20,219.9,219.9,217.16,219.51
2023-07-21,219.44,219.44,216.99,217.48
2023-07-24,219.38,219.38,216.54,216.73
2023-07-25,219.95,219.95,216.06,216.64
2023-07-26,219.7,219.7,213.65,217.72
2023-07-27,219.7,219.7,211.2,216.63
2023-07-28,218.78,218.78,215.5,216.34
2023-07-31,218.78,218.78,216.0,217.58
2023-08-01,218.0,218.4,217.02,217.23
2023-08-02,217.22,217.45,214.0,215.1
2023-08-03,216.52,216.52,212.15,213.56
2023-08-04,215.85,215.85,212.77,215.04
2023-08-07,216.21,216.21,215.05,215.95
2023-08-08,216.47,216.7,209.45,215.79
2023-08-09,216.85,216.85,212.8,216.49
2023-08-10,217.27,217.27,215.01,215.33
2023-08-11,217.21,217.21,214.25,214.4
2023-08-14,217.82,217.82,211.65,214.51
2023-08-16,218.47,218.47,212.68,214.57
2023-08-17,218.17,218.17,208.15,213.7
2023-08-18,218.19,218.19,212.31,213.0
2023-08-21,213.69,213.98,212.0,213.5
2023-08-22,218.11,218.11,213.1,213.43
2023-08-23,216.4,216.4,212.78,214.37
2023-08-24,218.47,218.47,213.33,213.77
2023-08-25,207.35,214.48,207.35,212.76
2023-08-28,217.47,217.47,211.0,212.87
2023-08-29,217.47,217.47,212.8,213.16
2023-08-30,217.47,217.47,207.65,213.54
2023-08-31,207.15,217.47,207.15,212.77
2023-09-01,216.87,216.87,212.0,214.27
2023-09-04,217.47,217.47,207.85,215.59
2023-09-05,216.98,216.98,215.13,215.84
2023-09-06,217.17,217.17,215.08,216.22
2023-09-07,217.17,217.5,209.75,217.29
2023-09-08,218.47,218.78,215.42,218.41
2023-09-11,219.55,220.5,217.18,220.38
2023-09-12,221.98,221.98,219.4,220.19
2023-09-13,221.59,221.8,219.45,221.43
2023-09-14,222.73,222.73,221.0,221.53
2023-09-15,222.73,222.81,221.11,222.57
2023-09-18,222.25,222.57,216.0,221.92
2023-09-20,220.99,221.0,219.3,219.6
2023-09-21,213.0,226.2,213.0,217.63
2023-09-22,219.63,219.63,216.38,216.81
2023-09-25,218.79,218.79,216.08,216.8
2023-09-26,217.92,217.92,215.18,216.57
2023-09-27,218.47,218.47,210.05,217.56
2023-09-28,218.98,218.98,215.45,215.77
2023-09-29,222.25,222.25,209.3,216.75
2023-10-03,223.25,223.25,210.25,215.57
2023-10-04,222.05,222.05,213.53,214.4
2023-10-05,220.85,220.85,214.41,215.53
2023-10-06,214.0,218.7,214.0,216.62
2023-10-09,223.1,223.1,214.71,215.48
2023-10-10,221.95,221.95,215.01,217.13
2023-10-11,214.65,220.39,214.65,218.76
2023-10-12,225.3,225.3,216.64,218.6
2023-10-13,220.75,220.75,216.63,218.07
2023-10-16,222.0,222.0,216.07,217.9
2023-10-17,224.45,224.45,212.25,218.55
2023-10-18,219.59,219.59,216.92,217.2
2023-10-19,220.5,223.7,210.7,216.67
2023-10-20,219.7,219.7,213.65,215.3
2023-10-23,221.75,221.75,212.65,213.17
2023-10-25,215.0,216.6,210.95,211.48
2023-10-26,213.0,214.49,208.36,208.74
2023-10-27,210.49,215.0,208.5,210.57
2023-10-30,211.4,211.99,209.41,211.52
2023-10-31,212.0,214.0,210.7,210.98
2023-11-01,213.95,213.95,209.58,209.99
2023-11-02,213.99,213.99,210.0,211.64
2023-11-03,212.26,213.77,212.05,212.69
2023-11-06,218.7,218.7,212.1,214.56
2023-11-07,215.24,215.25,212.78,214.49
2023-11-08,215.0,215.2,213.81,214.83
2023-11-09,215.99,217.0,214.03,214.3
2023-11-10,214.99,214.99,213.25,214.24
2023-11-13,215.9,215.99,214.3,214.55
2023-11-15,215.3,217.23,213.7,216.97
2023-11-16,217.99,219.25,216.6,218.16
2023-11-17,224.0,224.0,216.0,218.02
2023-11-20,218.99,218.99,217.07,217.35
2023-11-21,219.25,219.25,214.0,218.39
2023-11-22,219.3,219.3,216.0,218.53
2023-11-23,219.0,219.2,216.01,218.56
2023-11-24,225.1,225.1,218.19,218.48
2023-11-28,225.05,225.05,211.95,219.56
2023-11-29,221.99,221.99,219.31,221.66
2023-11-30,228.3,228.3,220.38,222.13
2023-12-01,223.99,223.99,221.0,223.75
2023-12-04,230.45,230.45,225.5,228.18
2023-12-05,228.45,230.28,228.39,230.06
2023-12-06,231.99,231.99,229.8,230.94
2023-12-07,231.99,231.99,228.15,230.83
2023-12-08,231.99,231.99,228.0,231.36
2023-12-11,229.01,232.1,229.01,231.79
2023-12-12,232.99,232.99,230.5,230.96
2023-12-13,231.99,231.99,229.63,231.15
2023-12-14,232.0,234.5,231.51,233.99
2023-12-15,236.25,237.0,234.01,236.62
2023-12-18,236.98,237.0,233.65,236.57
2023-12-19,237.99,237.99,235.33,236.7
2023-12-20,237.99,238.88,233.0,233.25
2023-12-21,226.25,238.0,226.25,234.6
2023-12-22,235.99,236.35,232.01,235.5
2023-12-26,236.99,237.3,234.88,236.93
2023-12-27,239.7,239.7,236.18,238.91
2023-12-28,240.0,240.5,238.88,240.16
2023-12-29,247.35,247.35,238.0,239.65
2024-01-01,240.99,241.14,238.01,240.35
2024-01-02,241.0,241.0,238.0,239.21
2024-01-03,240.0,240.0,237.5,237.74
2024-01-04,237.7,239.59,237.19,239.3
2024-01-05,239.8,240.0,238.01,239.74
2024-01-08,242.0,242.0,237.5,237.68
2024-01-09,239.99,239.99,237.5,237.78
2024-01-10,238.99,238.99,236.76,238.76
2024-01-11,239.7,239.7,238.01,238.87
2024-01-12,239.01,242.35,239.01,241.73
2024-01-15,241.73,244.3,241.73,244.07
2024-01-16,244.6,244.99,242.41,243.24
2024-01-17,240.99,243.0,238.1,238.38
2024-01-18,237.99,238.21,233.3,237.51
2024-01-19,239.99,239.99,237.75,239.15
2024-01-23,241.9,241.9,234.5,234.87
2024-01-24,235.68,237.59,233.5,237.29
2024-01-25,238.0,238.0,235.1,236.15
2024-01-29,238.0,240.4,236.15,240.05
2024-01-30,241.99,241.99,237.95,238.13
2024-01-31,238.78,240.48,237.5,240.26
2024-02-01,241.99,241.99,239.48,240.03
2024-02-02,243.4,244.28,240.01,241.3
2024-02-05,248.55,248.55,239.9,240.24
2024-02-06,247.45,247.45,237.65,242.01
2024-02-07,249.25,249.25,234.75,242.35
2024-02-08,242.35,243.38,239.9,240.28
2024-02-09,240.9,241.02,239.0,240.78
2024-02-12,241.0,242.5,238.97,239.32
2024-02-13,246.5,246.5,238.7,240.59
2024-02-14,239.9,241.99,237.55,241.55
2024-02-15,242.99,243.0,241.2,242.72
2024-02-16,244.0,244.23,242.58,243.99
2024-02-19,244.5,245.75,243.58,245.04
2024-02-20,246.99,246.99,243.01,245.37
2024-02-21,246.0,246.29,243.5,243.87
2024-02-22,244.5,246.21,242.45,245.79
2024-02-23,246.89,246.89,245.16,245.69
2024-02-26,245.5,246.5,244.02,244.87
2024-02-27,245.0,245.71,244.0,245.5
2024-02-28,242.3,246.88,242.3,243.07
2024-02-29,244.99,244.99,241.01,243.25
2024-03-01,244.58,246.99,243.05,246.85
2024-03-04,248.99,249.98,247.08,247.83
2024-03-05,248.87,248.87,246.71,247.34
2024-03-06,248.99,248.99,246.1,248.62
2024-03-07,248.7,249.0,248.13,248.67
2024-03-11,248.67,249.8,247.02,247.45
2024-03-12,248.99,248.99,246.01,247.42
2024-03-13,248.89,248.89,242.75,243.71
2024-03-14,244.38,245.9,242.28,245.39
2024-03-15,244.9,245.38,242.66,243.8
2024-03-18,251.1,251.1,242.58,243.98
2024-03-19,243.97,243.98,241.37,241.6
2024-03-20,242.99,242.99,240.54,241.58
2024-03-21,243.8,248.85,242.18,243.99
2024-03-22,244.78,245.4,242.5,244.74
2024-03-26,243.25,246.1,241.75,243.79
2024-03-27,247.0,247.0,240.75,244.96
2024-03-28,246.1,248.69,243.88,246.96
2024-04-01,254.35,254.35,246.48,248.19
2024-04-02,248.97,249.48,246.65,248.65
2024-04-03,248.99,249.48,246.18,248.59
2024-04-04,249.59,250.6,247.23,249.23
2024-04-05,248.11,250.17,248.1,249.05
2024-04-08,250.47,250.95,248.18,250.75
2024-04-09,251.8,252.58,250.38,250.74
2024-04-10,254.69,254.69,246.2,251.57
2024-04-12,251.99,253.1,249.21,249.56
2024-04-15,249.48,249.99,245.99,246.87
2024-04-16,246.99,246.99,244.65,245.52
2024-04-18,252.9,252.9,243.35,243.94
2024-04-19,243.48,245.7,241.31,245.53
2024-04-22,246.09,247.9,245.68,247.31
2024-04-23,249.99,249.99,246.5,247.82
2024-04-24,249.75,249.75,247.52,247.94
2024-04-25,248.99,249.95,246.28,249.27
2024-04-26,248.58,250.88,248.05,248.44
2024-04-29,246.3,251.4,246.3,250.59
2024-04-30,252.99,252.99,247.01,250.06
2024-05-02,250.99,251.3,249.05,250.84
2024-05-03,252.57,252.58,247.66,248.75
2024-05-06,250.99,250.99,248.0,248.37
2024-05-07,253.89,253.89,245.25,247.11
2024-05-08,249.89,249.89,245.12,247.24
2024-05-09,247.87,247.87,243.2,243.49
2024-05-10,244.01,245.67,243.08,244.97
2024-05-13,252.3,252.3,242.27,245.16
2024-05-14,249.89,249.89,243.7,246.61
2024-05-15,249.59,249.59,245.0,246.42
2024-05-16,247.99,248.5,244.91,248.18
2024-05-17,249.99,249.99,247.01,248.73
2024-05-21,247.48,250.25,247.48,249.74
2024-05-22,250.99,250.99,249.29,250.36
2024-05-23,251.99,254.74,249.55,254.29
2024-05-24,254.67,255.71,253.08,254.98
2024-05-27,254.18,256.76,254.01,254.72
2024-05-28,255.57,255.58,254.0,254.2
2024-05-29,253.88,253.98,252.1,252.37
2024-05-30,253.85,253.85,249.51,250.35
2024-05-31,251.67,252.12,250.0,251.15
2024-06-03,258.7,265.0,252.3,258.14
2024-06-04,259.87,260.28,246.5,250.48
2024-06-05,253.99,254.35,242.13,251.3
2024-06-06,252.99,254.1,250.01,252.98
2024-06-07,253.88,258.81,252.19,258.42
2024-06-10,259.45,259.62,257.4,257.94
2024-06-11,258.35,259.62,257.02,258.8
2024-06-12,261.99,261.99,257.85,259.39
2024-06-13,260.0,260.74,259.28,260.3
2024-06-14,260.65,261.0,259.46,260.65
2024-06-18,260.68,262.5,260.65,261.56
2024-06-19,262.5,262.68,260.11,261.38
2024-06-20,261.95,262.35,260.48,261.72
2024-06-21,263.99,263.99,260.01,260.87
2024-06-24,260.49,261.94,259.1,261.66
2024-06-25,262.35,263.9,255.0,263.59
2024-06-26,264.78,265.25,262.18,265.01
2024-06-27,264.76,267.44,264.4,266.95
2024-06-28,267.88,268.5,266.95,267.48
2024-07-01,267.99,269.0,267.0,268.3
2024-07-02,271.99,271.99,268.05,269.03
2024-07-03,269.38,271.38,269.15,270.23
2024-07-04,271.49,271.7,270.18,270.53
2024-07-05,271.99,271.99,269.31,270.53
2024-07-08,270.12,271.45,269.6,270.04
2024-07-09,270.19,271.49,269.62,271.38
2024-07-10,272.28,272.28,268.61,270.92
2024-07-11,274.99,274.99,269.52,270.75
2024-07-12,271.59,273.0,270.62,271.94
2024-07-15,271.5,273.88,271.5,273.09
2024-07-16,273.19,274.15,272.4,273.55
2024-07-18,274.99,275.82,272.1,275.51
2024-07-19,276.48,276.48,273.0,273.29
2024-07-22,273.3,273.99,271.11,272.45
2024-07-23,272.75,273.5,268.11,272.64
2024-07-24,272.77,272.78,270.75,271.89
2024-07-25,270.78,272.3,269.28,271.92
2024-07-26,272.3,276.25,271.5,276.06
2024-07-29,276.9,278.2,276.1,276.68
2024-07-30,268.4,277.96,268.4,277.1
2024-07-31,277.2,278.09,276.8,277.75
2024-08-01,273.01,279.11,273.01,278.33
2024-08-02,276.67,277.28,275.5,275.69
2024-08-05,272.99,273.0,266.56,269.48
2024-08-06,271.88,272.94,267.2,267.61
2024-08-07,269.5,271.44,269.18,271.1
2024-08-08,270.75,271.18,268.75,269.33
2024-08-09,271.5,272.33,270.81,271.59
2024-08-12,271.77,272.8,270.25,271.44
2024-08-13,271.87,271.95,269.1,269.52
2024-08-14,269.95,270.5,269.1,269.34
2024-08-16,271.78,274.14,270.3,273.81
2024-08-19,274.39,275.48,273.9,274.43
2024-08-20,274.95,276.25,274.38,275.83
2024-08-21,275.95,276.34,275.02,276.12
2024-08-22,276.99,277.49,276.08,276.48
2024-08-23,275.78,277.15,275.78,276.6
2024-08-26,278.0,279.11,276.78,278.84
2024-08-27,279.15,279.35,278.09,278.7
2024-08-28,278.39,280.02,278.3,278.94
2024-08-29,280.6,280.6,278.38,280.1
2024-08-30,281.37,281.75,279.88,281.08
2024-09-02,280.01,283.99,280.01,281.45
2024-09-03,281.73,282.2,281.25,281.72
2024-09-04,281.4,281.5,278.78,281.28
2024-09-05,282.0,282.35,280.26,280.43
2024-09-06,280.28,280.58,277.2,277.82
2024-09-09,277.88,278.44,276.48,277.68
2024-09-10,278.35,279.96,277.25,279.2
2024-09-11,279.58,279.79,277.19,277.54
2024-09-12,278.48,283.2,278.26,282.71
2024-09-13,283.65,283.75,281.71,283.19
2024-09-16,283.5,284.15,283.0,283.27
2024-09-17,283.47,284.1,282.83,283.89
2024-09-18,284.28,284.52,282.2,283.36
2024-09-19,283.38,285.7,283.38,283.92
2024-09-20,284.35,287.7,283.75,287.1
2024-09-23,288.06,290.1,287.41,289.34
2024-09-24,289.77,289.88,288.5,289.3
2024-09-25,289.38,290.43,288.51,290.09
2024-09-26,290.39,291.91,289.38,291.55
2024-09-27,291.95,292.5,291.35,291.97
2024-09-30,283.2,293.99,283.2,288.38
2024-10-01,288.78,289.32,287.5,288.27
2024-10-03,286.48,286.97,282.05,282.69
2024-10-04,283.19,284.51,279.35,280.15
2024-10-07,281.45,281.58,276.08,278.01
2024-10-08,278.99,279.85,276.66,279.4
2024-10-09,281.99,281.99,278.23,278.72
2024-10-10,280.99,280.99,279.0,279.3
2024-10-11,282.0,287.7,277.51,278.72
2024-10-14,280.99,280.99,278.0,280.76
2024-10-15,282.0,282.09,279.33,279.83
2024-10-16,281.99,281.99,278.16,278.5
2024-10-17,279.24,279.35,276.3,276.69
2024-10-18,278.99,278.99,274.5,277.53
2024-10-21,279.99,279.99,275.44,276.47
2024-10-22,276.28,277.73,273.23,273.56
2024-10-23,274.05,274.94,272.39,273.09
2024-10-24,273.78,273.78,271.92,272.12
2024-10-25,271.8,275.0,269.0,270.48
2024-10-28,272.99,273.73,269.8,271.97
2024-10-29,272.7,273.8,270.01,273.59
2024-10-30,273.98,273.98,271.82,272.16
2024-10-31,273.99,273.99,270.4,270.64
2024-11-01,270.64,270.64,270.64,270.64
2024-11-04,273.99,273.99,266.33,268.47
2024-11-05,268.68,271.0,266.71,270.79
2024-11-06,272.18,274.4,270.68,273.91
2024-11-07,274.0,274.39,270.41,270.7
2024-11-08,271.18,271.48,269.17,270.03
2024-11-11,272.98,272.98,268.43,269.96
2024-11-12,272.98,272.99,266.81,267.18
2024-11-13,268.98,268.99,263.0,263.64
2024-11-14,265.65,265.65,255.75,263.57
2024-11-18,264.99,265.08,261.25,262.47
2024-11-19,264.99,265.99,262.38,263.07
2024-11-21,264.95,264.95,260.52,261.29
2024-11-22,262.99,267.34,261.06,266.86
2024-11-25,270.99,271.8,269.31,270.73
2024-11-26,273.99,273.99,269.9,270.54
2024-11-27,272.99,272.99,270.0,271.54
2024-11-28,273.99,273.99,267.21,267.68
2024-11-29,269.99,270.56,267.0,269.88
2024-12-02,271.99,271.99,267.5,271.38
2024-12-03,271.98,273.2,271.22,272.98
2024-12-04,273.94,274.1,272.1,273.43
2024-12-05,273.45,277.53,271.8,275.92
2024-12-06,277.99,277.99,275.04,275.88
2024-12-09,276.99,276.99,274.69,275.14
2024-12-10,276.78,276.78,274.11,274.68
2024-12-11,275.99,275.99,273.01,274.97
2024-12-12,275.99,276.24,273.01,274.1
2024-12-13,274.88,276.39,269.9,276.08
2024-12-16,276.89,276.89,274.8,275.48
2024-12-17,275.89,275.89,271.8,272.22
2024-12-18,271.61,272.99,270.15,270.7
2024-12-19,269.99,276.42,266.22,268.39
2024-12-20,267.11,269.32,263.7,264.15
2024-12-23,266.99,269.0,264.55,265.66
2024-12-24,264.62,266.88,264.62,265.49
2024-12-26,257.55,269.85,257.55,265.67
2024-12-27,265.05,267.5,265.05,266.39
2024-12-30,267.77,267.77,263.95,264.37
2024-12-31,262.7,265.0,262.51,264.47
2025-01-01,264.47,266.28,263.5,265.59
2025-01-02,266.99,270.23,265.2,269.89
2025-01-03,270.0,270.99,268.06,268.41
2025-01-06,268.05,269.6,263.61,264.48
2025-01-07,266.25,266.25,263.71,265.16
2025-01-08,265.95,266.04,262.8,264.92
2025-01-09,264.75,265.5,262.9,263.15
2025-01-10,263.25,263.87,261.15,262.22
2025-01-13,261.5,261.9,258.01,258.4
2025-01-14,260.95,260.95,258.45,259.26
2025-01-15,260.25,260.48,258.77,259.58
2025-01-16,260.95,261.7,260.01,260.72
2025-01-17,260.8,260.8,258.6,259.77
2025-01-20,259.77,261.88,259.41,261.29
2025-01-21,262.29,262.47,257.34,257.91
2025-01-22,259.8,259.8,257.18,258.85
2025-01-23,259.0,260.32,257.68,259.51
2025-01-24,260.3,260.95,257.7,258.19
2025-01-27,257.49,257.68,255.14,255.69
2025-01-28,257.0,259.14,255.95,257.33
2025-01-29,258.5,259.5,257.2,259.38
2025-01-30,259.05,260.98,259.0,260.22
2025-01-31,261.0,263.17,259.7,263.0
2025-02-01,261.01,264.7,261.0,262.13
2025-02-03,261.65,261.65,260.0,261.47
2025-02-04,263.0,265.22,261.49,265.05
2025-02-05,265.95,265.95,265.0,265.25
2025-02-06,265.2,267.99,263.85,264.37
2025-02-07,265.5,265.5,262.6,263.75
2025-02-10,265.99,265.99,261.2,261.9
2025-02-11,262.99,262.99,257.52,258.55
2025-02-12,259.75,259.75,255.6,258.27
2025-02-13,259.99,260.49,257.73,258.17
2025-02-14,259.99,259.99,255.35,256.95
2025-02-17,257.95,257.95,255.01,257.11
2025-02-18,256.28,257.7,255.4,256.84
2025-02-19,257.99,258.44,255.62,256.89
2025-02-20,257.99,257.99,255.75,256.85
2025-02-21,257.99,257.99,254.8,255.53
2025-02-24,255.2,255.2,252.5,252.87
2025-02-25,252.98,253.58,252.31,252.75
2025-02-27,253.8,253.8,252.06,252.56
2025-02-28,252.95,252.95,248.08,248.45
2025-03-03,255.9,255.9,246.64,248.05
2025-03-04,247.74,247.78,246.08,247.49
2025-03-05,248.7,251.0,246.3,250.48
2025-03-06,252.9,252.9,249.43,252.75
2025-03-07,252.7,253.74,251.7,252.84
2025-03-10,252.0,254.95,251.4,251.75
2025-03-11,251.99,252.4,249.91,252.08
2025-03-12,253.99,253.99,250.35,251.74
2025-03-13,252.9,252.9,250.8,251.06
2025-03-17,251.06,253.0,250.1,252.18
2025-03-18,252.18,252.18,252.18,252.18
2025-03-19,256.8,256.94,255.48,256.7
2025-03-20,258.99,259.6,256.7,259.32
2025-03-21,260.0,261.59,258.58,261.09
2025-03-24,261.62,265.31,261.01,264.9
2025-03-25,266.5,266.82,256.95,264.73
2025-03-26,264.1,265.5,262.52,262.9
2025-03-27,263.28,264.27,262.1,263.73
2025-03-28,263.53,264.48,262.51,263.21
2025-04-01,262.38,263.67,259.38,259.6
2025-04-02,260.7,261.85,259.11,261.64
2025-04-03,260.9,261.1,259.03,260.46
2025-04-04,260.48,260.58,256.48,257.16
2025-04-07,264.85,264.85,231.3,249.1
2025-04-08,256.55,256.55,249.76,252.72
2025-04-09,251.72,252.68,250.62,251.03
2025-04-11,255.99,256.9,251.23,255.97
2025-04-15,260.0,262.88,258.3,260.87
2025-04-16,263.99,263.99,260.03,261.91
2025-04-17,262.94,266.79,260.6,266.54
2025-04-21,265.3,270.48,265.01,269.7
2025-04-22,270.11,270.95,269.0,270.05
2025-04-23,272.89,272.89,269.5,271.82
2025-04-24,271.78,272.09,270.68,270.95
2025-04-25,271.85,272.3,266.71,268.63
2025-04-28,269.89,272.3,268.0,271.9
2025-04-29,273.89,273.89,270.9,271.91
2025-04-30,277.09,277.09,271.03,271.99
2025-05-02,274.0,275.12,270.88,271.77
2025-05-05,272.05,274.55,271.31,274.39
2025-05-06,274.9,274.9,272.17,272.6
2025-05-07,271.9,273.59,269.39,272.79
2025-05-08,273.7,273.7,270.0,271.04
2025-05-09,269.5,270.09,266.16,268.49
2025-05-12,272.49,279.49,270.89,278.94
2025-05-13,278.75,281.25,275.3,275.65
2025-05-14,276.9,277.27,274.7,276.57
2025-05-15,276.9,280.76,274.7,280.17
2025-05-16,280.99,280.99,278.38,280.21
2025-05-19,280.05,281.34,279.0,279.21
2025-05-20,280.89,280.89,276.62,276.89
2025-05-21,276.89,279.14,276.4,277.55
2025-05-22,277.9,277.9,274.37,275.91
2025-05-23,282.0,284.19,274.98,278.37
2025-05-26,276.51,280.95,276.51,279.89
2025-05-27,279.89,280.89,276.9,278.25
2025-05-28,278.0,279.99,277.12,277.69
2025-05-29,278.78,279.09,277.02,278.54
2025-05-30,279.89,279.89,277.71,277.97
2025-06-02,276.0,278.38,275.0,277.6
2025-06-03,278.0,278.6,275.41,275.77
2025-06-04,276.5,276.89,275.15,276.46
2025-06-05,277.9,279.34,276.37,278.05
2025-06-06,278.9,280.85,277.0,280.5
2025-06-09,281.05,282.89,281.05,281.35
2025-06-10,282.2,282.8,281.0,281.39
2025-06-11,281.75,282.8,280.5,281.87
2025-06-12,282.0,282.75,278.43,278.95
2025-06-13,276.0,277.5,274.08,277.1
2025-06-16,279.39,279.97,276.01,279.7
2025-06-17,281.49,281.49,278.21,278.59
2025-06-18,279.89,279.89,277.38,278.24
2025-06-19,278.5,279.89,271.28,277.91
2025-06-20,276.51,281.8,276.49,281.5
2025-06-23,280.9,281.53,278.5,280.86
2025-06-24,283.9,284.24,281.17,281.43
2025-06-25,282.0,283.78,281.71,283.41
2025-06-26,283.4,286.58,282.11,286.39
2025-06-27,287.0,288.28,286.44,287.96
2025-06-30,287.8,289.39,286.11,286.51
2025-07-01,287.88,287.89,286.31,286.84
2025-07-02,287.89,287.89,285.2,285.78
2025-07-03,286.89,287.26,285.16,285.39
2025-07-04,287.89,287.89,283.01,286.11
2025-07-07,287.79,287.79,284.01,286.07
2025-07-08,285.9,287.19,285.3,286.91
2025-07-09,286.11,287.69,286.0,286.5
2025-07-10,285.3,287.69,285.0,285.16
2025-07-11,285.39,285.39,282.5,283.11
2025-07-14,284.39,284.39,281.69,282.71
2025-07-15,283.49,284.38,282.1,283.69
2025-07-16,283.8,284.39,282.8,283.64
2025-07-17,284.99,284.99,282.61,282.83
2025-07-18,283.5,283.69,281.0,281.43
2025-07-21,282.79,282.79,280.35,282.26
2025-07-22,283.89,283.89,281.3,282.07
2025-07-23,283.69,283.7,281.3,283.53
2025-07-24,284.49,284.49,281.54,282.1
2025-07-25,282.1,282.19,279.85,280.03
2025-07-28,280.49,280.62,278.13,278.49
2025-07-29,286.84,286.84,277.41,280.09
2025-07-30,281.89,281.89,278.46,280.13
2025-07-31,279.9,281.39,277.33,279.26
2025-08-01,280.99,280.99,277.03,277.35
2025-08-04,278.81,279.02,276.98,278.85
2025-08-05,279.39,279.89,277.6,278.14
2025-08-06,278.89,278.89,277.01,277.31
2025-08-07,275.51,277.99,274.8,277.29
2025-08-08,277.89,277.89,274.8,275.14
2025-08-11,277.0,277.49,274.5,277.29
2025-08-12,277.89,278.7,276.18,276.54
2025-08-13,278.89,278.89,277.01,278.02
2025-08-14,278.89,278.89,275.01,278.23
2025-08-18,280.11,282.43,279.78,281.07
2025-08-19,281.89,282.22,280.58,281.96
2025-08-20,282.48,282.85,281.02,282.52
2025-08-21,284.99,284.99,282.55,283.06
2025-08-22,283.06,283.48,280.59,280.75
2025-08-25,280.01,282.29,272.33,281.68
2025-08-26,281.99,281.99,278.8,279.05
2025-08-28,279.79,279.79,276.65,276.93
2025-08-29,276.93,277.79,275.55,276.06
2025-09-01,276.89,278.25,275.68,278.18
2025-09-02,277.62,279.5,277.0,277.68
2025-09-03,278.69,279.2,277.01,278.94
2025-09-04,282.0,282.38,277.25,279.32
2025-09-05,279.8,280.74,278.2,279.6
2025-09-08,281.2,281.2,279.45,279.99
2025-09-09,280.84,281.99,279.76,280.54
2025-09-10,283.99,283.99,281.18,281.84
2025-09-11,281.9,282.77,281.14,282.53
2025-09-12,283.58,283.9,282.7,283.51
2025-09-15,282.01,284.39,282.01,283.12
2025-09-16,283.64,285.1,282.81,284.89
2025-09-17,285.76,286.19,284.88,285.98
2025-09-18,286.98,287.54,285.01,286.7
2025-09-19,295.3,295.3,285.3,285.9
2025-09-22,285.48,285.79,284.11,284.49
2025-09-23,285.39,285.39,283.01,284.35
2025-09-24,282.01,284.81,282.01,282.88
2025-09-25,283.69,283.69,281.01,281.24
2025-09-26,281.69,281.69,278.49,278.74
2025-09-29,279.99,280.25,278.19,278.54
2025-09-30,279.99,279.99,277.25,277.52
2025-10-01,276.66,280.63,270.58,280.51
2025-10-03,280.89,281.31,279.08,281.16
2025-10-06,281.58,283.2,280.7,283.07
2025-10-07,283.49,284.5,282.64,283.41
2025-10-08,283.75,284.18,282.01,282.38
2025-10-09,282.88,284.24,282.24,284.05
2025-10-10,284.78,285.95,282.01,285.52
2025-10-13,285.15,285.15,283.69,284.64
2025-10-14,286.39,286.39,282.92,283.69
2025-10-15,284.28,286.45,283.73,286.07
2025-10-16,277.49,289.0,277.49,288.7
2025-10-17,288.69,290.95,287.86,290.17
2025-10-20,292.49,292.54,289.01,291.86
2025-10-21,292.92,292.92,291.49,291.87
2025-10-23,293.13,295.38,291.88,292.39
2025-10-27,294.18,294.33,290.01,293.35
2025-10-28,294.99,294.99,292.0,293.1
2025-10-29,291.01,294.9,291.01,294.5
2025-10-30,294.99,294.99,291.91,292.58
2025-10-31,295.0,295.0,290.9,291.08
2025-11-03,292.79,292.79,290.05,291.35
2025-11-04,291.54,291.64,289.5,289.59
2025-11-06,290.4,290.4,287.98,288.24
2025-11-07,288.24,289.16,286.35,288.44
2025-11-10,289.89,290.3,288.13,289.49
2025-11-11,287.01,291.08,287.01,290.82
2025-11-12,292.29,293.1,291.55,292.72
2025-11-13,293.21,293.75,291.75,292.39
2025-11-14,290.84,293.25,290.84,292.83
2025-11-17,301.61,301.61,292.74,293.97
2025-11-18,294.89,294.89,292.5,292.97
2025-11-19,292.97,294.55,292.4,294.37
2025-11-20,293.19,296.37,292.32,295.64
2025-11-21,295.89,295.89,294.1,294.32
2025-11-24,295.12,295.44,292.72,293.3
2025-11-25,294.22,294.28,292.25,292.68
2025-11-26,293.99,296.2,291.91,296.01
2025-11-27,296.01,297.45,295.48,296.42
2025-11-28,297.24,297.24,296.02,296.49
2025-12-01,297.28,298.15,295.66,296.1
2025-12-02,296.18,296.99,294.01,294.66
2025-12-03,294.88,294.99,292.92,293.8
2025-12-04,294.24,294.98,293.11,294.37
2025-12-05,299.9,301.72,293.82,296.01
2025-12-08,296.28,296.49,292.84,293.45
2025-12-09,302.25,302.25,291.3,292.35
2025-12-10,290.0,293.55,290.0,291.56
2025-12-11,292.99,293.37,290.82,292.93
2025-12-12,293.4,294.9,293.08,294.69
2025-12-15,294.99,294.99,293.01,294.54
2025-12-16,294.28,294.3,292.5,292.66
2025-12-17,292.66,293.29,290.8,291.71
2025-12-18,284.5,292.83,284.5,291.84
2025-12-19,293.45,293.45,293.45,293.45
2025-12-22,295.25,295.73,293.85,295.69
2025-12-23,296.98,296.98,295.27,295.68
2025-12-24,295.68,296.38,294.76,295.5
2025-12-26,296.99,296.99,294.2,294.46
2025-12-29,294.46,295.28,292.76,293.15
2025-12-30,293.54,293.58,291.95,293.32
2025-12-31,294.08,295.7,293.06,295.31
2026-01-01,296.19,296.19,294.91,295.33
2026-01-02,294.91,297.99,294.91,297.55
2026-01-05,297.55,298.0,296.02,296.41
2026-01-06,297.79,297.79,295.28,296.02
2026-01-07,296.14,296.23,295.0,295.72
2026-01-08,295.72,295.98,292.61,292.93
2026-01-09,291.01,293.89,290.0,290.59
2026-01-12,291.99,292.09,288.4,291.87
2026-01-13,293.48,293.48,289.9,291.13
2026-01-14,291.13,291.99,289.9,290.66
2026-01-15,290.66,290.66,290.66,290.66
2026-01-16,291.89,292.9,290.28,291.04
2026-01-19,290.98,291.15,288.81,289.63
2026-01-20,290.89,290.89,285.6,286.28
2026-01-21,285.0,287.49,282.4,284.95
2026-01-22,287.89,288.09,285.1,286.61
2026-01-23,288.07,288.07,283.65,283.91
2026-01-27,284.0,285.99,282.4,285.22
2026-01-28,286.99,286.99,285.22,286.61
2026-01-29,287.99,287.99,284.29,287.37
2026-01-30,286.44,287.37,285.01,286.73
2026-02-02,283.39,284.5,279.75,283.94
2026-02-03,294.67,298.89,289.98,291.24
2026-02-04,291.14,292.03,289.18,291.65
2026-02-05,291.0,291.98,289.6,290.35
2026-02-06,290.35,290.9,288.9,290.65
2026-02-09,292.14,293.68,291.75,292.56
2026-02-10,292.56,293.89,292.56,293.56
2026-02-11,293.56,294.68,293.17,293.85
2026-02-12,294.79,294.79,291.76,292.27
2026-02-13,290.54,290.8,288.5,288.87
2026-02-16,288.0,290.95,287.78,290.76
2026-02-17,289.18,291.87,289.18,291.52
2026-02-18,291.0,292.4,290.61,292.2
2026-02-19,292.2,293.18,287.75,288.38
2026-02-20,289.99,290.3,287.44,289.23
2026-02-23,289.88,291.2,289.5,290.45
2026-02-24,290.45,290.45,287.08,287.85
2026-02-25,292.0,292.0,286.01,288.63
2026-02-26,290.13,290.99,287.8,288.58
2026-02-27,288.7,289.39,284.91,285.29
2026-03-02,286.25,292.42,279.01,281.93
2026-03-04,280.99,280.99,275.51,277.29
2026-03-05,285.61,285.61,277.84,280.35
2026-03-06,280.52,280.52,276.85,277.25
2026-03-09,274.81,274.81,268.75,272.42
2026-03-10,276.29,276.29,272.85,274.95
2026-03-11,274.7,275.39,270.2,270.56
2026-03-12,266.31,270.0,266.31,267.94
2026-03-13,267.99,267.99,262.0,262.69
2026-03-16,262.0,266.0,260.01,265.18
2026-03-17,266.68,267.75,264.61,267.16
2026-03-18,269.35,270.03,267.14,269.43
2026-03-19,267.99,267.99,261.6,262.12
2026-03-20,265.99,265.99,261.5,262.07
2026-03-23,261.39,261.44,254.8,255.15
2026-03-24,259.0,261.5,256.59,259.83
2026-03-25,263.99,265.9,255.9,264.06
2026-03-27,265.1,265.2,258.65,258.89
2026-03-30,258.42,258.42,252.55,253.44
2026-04-01,258.34,260.07,257.05,257.45
2026-04-02,256.99,259.29,251.7,257.61
2026-04-06,257.0,260.6,255.41,260.25
2026-04-07,260.39,261.8,257.41,261.47
2026-04-08,269.31,272.0,265.01,271.68
2026-04-09,267.7,272.49,267.7,269.49
2026-04-10,271.99,272.2,270.0,271.95
2026-04-13,268.95,270.35,266.78,269.52
2026-04-15,273.85,274.39,272.0,273.77
2026-04-16,274.0,275.83,273.0,273.95
2026-04-17,274.29,276.19,273.0,275.87
2026-04-20,275.87,276.61,274.12,275.21
2026-04-21,276.48,277.83,275.21,277.63
2026-04-22,275.52,277.38,275.35,275.64
2026-04-23,274.38,274.98,273.02,273.76
2026-04-24,271.31,274.94,270.1,271.09
2026-04-27,271.5,272.9,271.35,272.52
2026-04-28,273.25,273.3,271.1,271.48
2026-04-29,274.0,275.0,271.62,273.13
2026-04-30,273.13,273.2,269.34,272.01
2026-05-01,272.01,272.01,272.01,272.01
2026-05-04,273.45,274.7,272.0,273.12
2026-05-05,274.99,274.99,270.7,272.3
2026-05-06,274.39,275.89,271.94,275.73
2026-05-07,275.7,277.09,274.61,275.17
2026-05-08,273.62,274.68,272.0,273.94
2026-05-11,272.98,272.98,269.9,270.1
2026-05-12,270.09,270.09,264.75,265.05
2026-05-13,265.04,267.14,263.53,265.44
2026-05-14,267.99,268.85,265.32,268.09
2026-05-15,269.91,269.91,267.0,267.3
2026-05-18,266.0,267.99,264.0,267.58
2026-05-19,267.69,269.2,267.26,267.61
2026-05-20,267.13,268.37,265.11,268.05
2026-05-21,269.24,270.24,267.39,268.21
2026-05-22,268.08,270.0,266.01,269.1
2026-05-25,274.99,274.99,269.01,271.99
2026-05-26,272.36,272.66,270.5,270.83
2026-05-27,270.2,271.83,270.1,270.94
2026-05-28,270.94,270.94,270.94,270.94
2026-05-29,272.24,272.24,267.04,267.78
2026-06-01,268.98,269.27,265.2,265.52
2026-06-02,264.88,266.8,263.52,266.02
2026-06-03,265.7,266.19,262.9,265.55
2026-06-04,266.99,266.99,263.12,265.6
2026-06-05,267.99,267.99,264.4,265.36
2026-06-08,264.8,264.8,261.88,262.56
2026-06-09,264.37,264.38,262.41,263.88
2026-06-10,264.0,265.35,262.87,263.08
2026-06-11,263.08,264.35,261.35,262.63
2026-06-12,265.6,268.25,264.18,267.86
2026-06-15,270.0,272.49,270.0,270.63
2026-06-16,272.42,272.42,270.63,271.67
2026-06-17,272.8,273.22,271.48,273.11
2026-06-18,273.11,274.29,272.4,273.97
2026-06-19,274.19,274.19,272.0,272.95
2026-06-22,274.99,274.99,273.13,273.67
2026-06-23,273.98,273.98,270.15,270.81
2026-06-24,273.0,273.35,268.0,272.68
2026-06-25,274.99,275.4,273.19,273.43
2026-06-26,273.43,273.43,273.43,273.43
2026-06-29,274.39,274.39,271.9,272.16
2026-06-30,272.32,273.38,271.21,271.82
2026-07-01,273.19,273.19,271.15,272.87
2026-07-02,273.01,274.6,273.01,274.27
2026-07-03,280.0,280.0,275.11,275.91
2026-07-06,277.0,277.66,275.5,277.43
2026-07-07,278.49,278.55,276.7,277.05
2026-07-08,277.99,277.99,270.9,271.69
2026-07-09,277.12,277.12,271.69,272.76
2026-07-10,274.98,275.33,273.63,275.07
2026-07-13,273.88,275.66,272.59,275.3
2026-07-14,274.58,274.58,271.0,273.35
2026-07-15,274.99,275.2,273.0,273.66
2026-07-16,274.99,275.1,273.55,273.99
2026-07-17,275.0,277.0,273.89,276.46
2026-07-20,276.11,276.19,274.01,275.58
2026-07-21,276.42,276.42,274.7,275.13
2026-07-22,275.99,275.99,273.06,273.36
2026-07-23,276.2,276.2,271.4,271.98
2026-07-24,270.87,271.65,269.38,271.21
2026-07-27,272.28,273.9,272.02,273.59
2026-07-28,273.59,274.12,272.74,273.53
2026-07-29,274.08,276.1,274.08,275.82
2026-07-30,275.99,276.8,274.99,276.49
2026-07-31,276.4,277.8,269.57,277.42
2026-08-03,278.5,280.09,278.5,279.87
2026-08-04,279.87,281.1,278.0,278.79
2026-08-05,284.37,284.37,278.8,279.96
2026-08-06,279.96,281.38,278.01,280.59
2026-08-07,280.59,280.59,279.1,279.83
2026-08-10,280.69,280.69,279.22,280.46
2026-08-11,281.0,281.0,277.1,279.13
2026-08-12,279.93,279.93,277.0,278.32
2026-08-13,278.74,278.79,277.51,278.16
2026-08-14,279.99,279.99,277.24,278.35
2026-08-17,279.99,279.99,276.56,277.91
2026-08-18,278.99,278.99,275.81,276.1
2026-08-19,276.38,276.38,274.45,274.62
2026-08-20,278.0,278.0,275.52,276.57
2026-08-21,276.57,277.38,276.12,276.76
2026-08-24,276.76,277.99,275.54,275.87
2026-08-25,275.87,277.5,275.17,276.94
2026-08-26,275.01,278.27,275.01,277.02
2026-08-27,276.01,283.94,275.4,275.74
2026-08-28,277.49,277.49,274.82,275.62
2026-08-31,275.88,275.88,270.11,274.87
2026-09-01,277.95,277.95,272.68,273.25
2026-09-02,273.15,273.15,271.51,272.56
2026-09-03,276.5,276.5,270.0,272.63
2026-09-04,278.08,278.08,272.56,273.27
2026-09-07,273.19,273.78,270.9,271.21
2026-09-08,271.64,271.64,269.79,270.05
2026-09-09,269.43,269.68,267.9,268.15
2026-09-10,273.51,273.51,266.0,267.17
2026-09-11,268.6,268.6,265.01,267.14
2026-09-14,267.14,267.14,267.14,267.14
2026-09-15,268.1,269.9,264.24,264.58
2026-09-16,264.58,266.28,262.79,265.02
2026-09-17,265.44,266.75,264.1,266.08
2026-09-18,267.89,267.89,265.94,266.53
2026-09-21,267.8,267.98,265.62,267.76
2026-09-22,267.85,268.89,266.01,266.64
2026-09-23,266.64,267.9,265.88,267.59
2026-09-24,274.0,274.0,263.3,263.99
2026-09-25,264.98,265.66,263.05,264.13
2026-09-28,266.99,266.99,260.1,260.47
2026-09-29,260.49,260.49,257.9,259.47
2026-09-30,259.47,260.99,258.1,258.5
2026-10-01,258.5,258.5,254.0,256.5
2026-10-02,256.5,256.5,256.5,256.5
